觀測時間(day),測站氣壓(hPa),海平面氣壓(hPa),測站最高氣壓(hPa),測站最高氣壓時間(LST),測站最低氣壓(hPa),測站最低氣壓時間(LST),氣溫(℃),最高氣溫(℃),最高氣溫時間(LST),最低氣溫(℃),最低氣溫時間(LST),露點溫度(℃),相對溼度(%),最小相對溼度(%),最小相對溼度時間(LST),風速(m/s),風向(360degree),最大陣風(m/s),最大陣風風向(360degree),最大陣風風速時間(LST),降水量(mm),降水時數(hour),最大十分鐘降水量(mm),最大十分鐘降水量起始時間(LST),最大六十分鐘降水量(mm),最大六十分鐘降水量起始時間(LST),日照時數(hour),日照率(%),全天空日射量(MJ/㎡),能見度(km),A型蒸發量(mm),日最高紫外線指數,日最高紫外線指數時間(LST),總雲量(0~10)
ObsTime,StnPres,SeaPres,StnPresMax,StnPresMaxTime,StnPresMin,StnPresMinTime,Temperature,T Max,T Max Time,T Min,T Min Time,Td dew point,RH,RHMin,RHMinTime,WS,WD,WSGust,WDGust,WGustTime,Precp,PrecpHour,PrecpMax10,PrecpMax10Time,PrecpMax60,PrecpMax60Time,SunShine,SunShineRate,GloblRad,VisbMean,EvapA,UVI Max,UVI Max Time,Cloud Amount
01,1008.1,1018.2,1017.6,2000-01-30 09:15,1000.2,2000-01-13 12:58,17.5,28.6,2000-01-06 12:48,9.7,2000-01-27 02:11,12.7,1.7,350,13.2,60,2000-01-17 15:53,24.0,29.7,4,1.6,2000-01-25 23:20,3.8,2000-01-25 22:48,13.4,2000-01-25 00:00,75,61.4,181.7,236.88,4,7,2000-01-31 13:00,5.4
02,1006.1,1016.2,1015.7,2000-02-01 09:34,998.1,2000-02-19 18:52,16.8,26.3,2000-02-14 12:57,11.2,2000-02-26 03:57,13.0,1.7,350,12.4,70,2000-02-26 05:24,226.3,87.4,10,8.6,2000-02-23 09:42,18.5,2000-02-23 05:26,80.5,2000-02-23 00:00,79,51.6,115.2,190.65,...,...,...,7.0
03,1004.3,1014.4,1011.9,2000-03-01 09:06,998.3,2000-03-05 15:35,19.5,29.7,2000-03-28 12:29,13.8,2000-03-01 03:31,15.0,1.5,330,11.9,90,2000-03-16 13:37,36.8,37.2,6,4.0,2000-03-11 20:12,6.6,2000-03-11 19:42,14.1,2000-03-11 00:00,77,87.0,179.5,307.76,...,...,...,5.8
04,1001.4,1011.3,1007.3,2000-04-17 22:36,995.4,2000-04-25 16:10,23.2,31.1,2000-04-20 13:07,15.1,2000-04-17 05:24,19.2,1.4,340,11.9,60,2000-04-05 16:57,330.6,100.1,17,14.0,2000-04-30 22:09,22.5,2000-04-30 22:08,81.2,2000-04-28 00:00,80,82.0,109.5,256.83,...,...,...,7.5
05,998.8,1008.6,1004.7,2000-05-05 11:28,993.2,2000-05-17 15:36,26.2,34.4,2000-05-31 12:53,19.8,2000-05-03 05:25,21.4,1.3,340,12.0,240,2000-05-26 14:23,26.2,18.9,8,2.6,2000-05-26 00:50,7.4,2000-05-02 09:38,16.6,2000-05-02 00:00,76,115.7,186.2,365.55,7,10,2000-05-31 13:00,6.0
06,998.5,1008.3,1002.8,2000-06-22 07:17,992.9,2000-06-13 03:33,27.8,34.9,2000-06-05 11:53,18.4,2000-06-13 09:53,23.4,1.5,250,14.1,280,2000-06-07 10:56,238.2,70.6,14,22.5,2000-06-07 10:56,27.0,2000-06-07 10:52,67.3,2000-06-13 00:00,78,112.7,190.3,356.90,8,12,2000-06-18 12:00,6.5
07,994.7,1004.3,1002.4,2000-07-11 21:24,981.7,2000-07-09 09:03,28.6,35.5,2000-07-07 13:32,22.6,2000-07-31 01:36,23.9,1.5,220,11.9,150,2000-07-07 16:16,369.2,63.2,13,16.5,2000-07-10 17:01,54.0,2000-07-10 16:32,70.0,2000-07-10 00:00,77,121.7,202.1,368.36,...,...,...,6.4
08,995.3,1005.0,1000.8,2000-08-08 21:24,963.1,2000-08-23 00:12,27.6,34.2,2000-08-31 14:18,22.9,2000-08-27 05:23,23.9,1.4,210,17.5,120,2000-08-22 23:06,381.3,107.7,18,13.0,2000-08-05 17:16,37.5,2000-08-12 17:09,77.7,2000-08-12 00:00,81,103.2,165.6,323.20,...,...,...,6.8
09,998.6,1008.3,1006.5,2000-09-21 21:25,990.1,2000-09-14 14:36,27.4,34.1,2000-09-07 14:49,22.0,2000-09-13 06:05,21.6,1.6,20,16.9,60,2000-09-10 02:58,17.2,5.3,4,4.5,2000-09-01 15:20,13.5,2000-09-01 14:43,16.4,2000-09-01 00:00,72,111.5,203.5,342.88,...,...,...,5.4
10,1001.4,1011.2,1006.6,2000-10-27 09:10,987.7,2000-10-31 23:59,26.5,34.0,2000-10-11 11:40,20.7,2000-10-30 05:32,21.3,1.6,20,17.9,70,2000-10-31 23:50,52.8,22.5,4,1.5,2000-10-31 16:40,6.4,2000-10-31 16:37,49.8,2000-10-31 00:00,74,103.1,216.7,311.30,...,...,...,4.5
11,1004.3,1014.2,1009.2,2000-11-23 08:42,983.0,2000-11-01 04:03,22.8,31.0,2000-11-07 13:18,16.2,2000-11-21 02:39,18.7,1.7,20,27.8,70,2000-11-01 03:34,24.3,24.6,6,1.7,2000-11-01 07:18,6.5,2000-11-01 06:33,22.4,2000-11-01 00:00,78,66.8,158.9,227.24,...,...,...,5.2
12,1006.1,1016.1,1011.4,2000-12-26 09:14,998.8,2000-12-30 15:11,20.1,28.4,2000-12-19 12:54,13.5,2000-12-31 22:59,15.9,1.7,360,15.9,60,2000-12-31 05:07,70.1,47.0,6,2.0,2000-12-17 05:27,9.0,2000-12-14 02:55,26.7,2000-12-14 00:00,78,62.1,204.7,227.02,...,...,...,4.4
01,1006.3,1016.4,1015.5,2001-01-16 09:26,997.1,2001-01-25 21:58,17.7,28.2,2001-01-24 12:02,10.6,2001-01-29 05:16,13.3,1.4,350,12.7,80,2001-01-26 21:44,82.4,53.2,6,5.0,2001-01-26 02:05,8.0,2001-01-25 14:32,43.8,2001-01-26 00:00,77,55.2,186.6,225.16,...,...,...,4.8
02,1005.5,1015.6,1013.9,2001-02-16 08:37,996.7,2001-02-23 17:03,18.7,30.0,2001-02-23 15:12,11.7,2001-02-15 06:13,14.0,1.7,350,12.3,60,2001-02-13 13:31,4.2,12.9,3,0.6,2001-02-02 11:10,1.3,2001-02-02 11:00,3.3,2001-02-02 00:00,75,67.1,186.4,262.97,...,...,...,5.4
03,1004.4,1014.4,1013.0,2001-03-09 09:18,995.0,2001-03-27 15:10,20.9,32.5,2001-03-24 13:12,11.6,2001-03-08 23:00,14.5,1.6,360,13.8,80,2001-03-29 10:56,38.5,32.7,7,3.4,2001-03-27 03:54,7.8,2001-03-27 03:52,17.0,2001-03-27 00:00,68,81.2,195.8,310.04,...,...,...,6.0
04,1002.0,1011.9,1009.9,2001-04-14 08:48,993.3,2001-04-20 15:22,23.0,33.1,2001-04-30 12:31,15.4,2001-04-13 05:44,18.7,1.4,330,11.7,100,2001-04-08 16:44,201.6,67.1,15,13.0,2001-04-20 04:23,32.5,2001-04-20 04:03,54.0,2001-04-08 00:00,77,69.4,106.4,250.37,...,...,...,7.5
05,997.8,1007.6,1004.3,2001-05-04 22:11,990.6,2001-05-13 14:11,26.6,33.5,2001-05-27 12:35,21.1,2001-05-23 04:30,22.2,1.4,330,9.9,300,2001-05-09 20:12,271.2,81.5,19,12.5,2001-05-09 20:08,23.0,2001-05-20 01:33,58.5,2001-05-20 00:00,77,92.9,128.0,306.15,...,...,...,7.6
06,997.3,1007.0,1004.4,2001-06-02 10:00,987.3,2001-06-23 09:29,27.8,34.6,2001-06-29 12:37,22.0,2001-06-01 01:45,23.0,1.5,190,12.7,260,2001-06-14 11:21,225.9,55.3,18,14.5,2001-06-17 18:00,36.5,2001-06-25 16:30,46.8,2001-06-14 00:00,76,124.1,200.1,369.85,...,...,...,6.0
07,995.6,1005.2,1001.6,2001-07-08 08:26,976.4,2001-07-05 03:43,28.4,36.1,2001-07-04 11:27,22.7,2001-07-13 04:41,23.8,1.5,340,18.8,260,2001-07-30 10:27,346.6,58.5,16,14.0,2001-07-30 10:20,58.0,2001-07-30 10:03,229.5,2001-07-30 00:00,77,106.1,165.5,333.12,...,...,...,6.7
08,995.9,1005.6,1002.8,2001-08-04 22:25,988.5,2001-08-27 14:42,29.2,35.3,2001-08-05 14:13,23.7,2001-08-12 21:15,24.0,1.4,330,10.4,50,2001-08-26 16:03,224.6,33.5,11,15.0,2001-08-28 15:18,53.0,2001-08-12 20:10,68.3,2001-08-29 00:00,75,115.9,207.3,360.44,...,...,...,6.0
09,995.2,1004.9,1001.6,2001-09-20 21:02,980.3,2001-09-26 14:26,26.7,33.8,2001-09-20 11:42,21.5,2001-09-14 05:07,22.2,1.6,360,16.6,120,2001-09-17 19:37,564.6,127.5,16,20.5,2001-09-17 16:45,73.0,2001-09-17 16:34,309.0,2001-09-17 00:00,78,89.6,143.7,274.75,...,...,...,6.3
10,1003.4,1013.2,1010.1,2001-10-19 09:30,993.2,2001-10-16 13:17,25.1,32.1,2001-10-05 12:52,19.5,2001-10-20 05:34,19.6,1.6,330,17.1,80,2001-10-16 17:22,5.7,8.9,2,0.6,2001-10-30 05:15,2.0,2001-10-30 04:43,4.2,2001-10-30 00:00,72,96.9,228.3,319.11,...,...,...,4.1
11,1006.9,1017.0,1012.5,2001-11-27 09:03,1000.9,2001-11-24 14:07,20.7,32.4,2001-11-03 12:47,11.7,2001-11-19 06:17,14.3,1.8,350,11.5,80,2001-11-14 10:20,2.8,13.5,3,0.3,2001-11-14 20:55,0.5,2001-11-15 10:50,2.2,2001-11-15 00:00,68,76.0,233.0,275.73,...,...,...,3.0
12,1010.3,1020.4,1018.7,2001-12-26 09:21,1001.0,2001-12-04 14:57,18.7,30.5,2001-12-04 13:31,6.7,2001-12-25 06:46,13.7,1.6,350,14.2,50,2001-12-21 09:07,13.1,25.6,5,0.7,2001-12-19 04:38,2.2,2001-12-19 04:37,5.4,2001-12-18 00:00,74,63.5,187.9,222.69,...,...,...,5.2
01,1009.1,1019.3,1015.6,2002-01-03 09:10,1000.7,2002-01-16 14:32,17.1,30.6,2002-01-15 12:56,7.7,2002-01-03 05:30,11.2,1.5,320,13.1,90,2002-01-02 13:49,29.4,23.9,4,12.0,2002-01-15 16:30,14.0,2002-01-15 16:30,14.0,2002-01-15 00:00,70,65.0,201.3,238.82,...,...,...,4.8
02,1009.3,1019.4,1016.3,2002-02-20 09:58,1002.0,2002-02-09 14:45,18.7,28.5,2002-02-28 12:23,11.3,2002-02-03 00:50,12.9,1.6,320,12.8,60,2002-02-01 22:28,2.7,2.9,4,0.5,2002-02-02 05:20,1.3,2002-02-02 05:20,1.5,2002-02-02 00:00,70,75.7,192.8,271.15,...,...,...,5.0
03,1005.0,1015.0,1013.6,2002-03-08 08:40,997.1,2002-03-22 14:40,22.0,30.7,2002-03-21 13:42,12.4,2002-03-07 05:23,16.1,1.5,320,11.4,30,2002-03-06 12:31,19.9,15.1,8,5.7,2002-03-30 16:40,7.0,2002-03-30 16:40,7.3,2002-03-30 00:00,71,91.9,180.4,282.93,...,...,...,5.8
04,1003.0,1012.8,1008.3,2002-04-12 11:21,997.5,2002-04-03 14:43,25.1,34.7,2002-04-16 13:50,17.6,2002-04-13 05:25,19.9,1.6,320,11.1,260,2002-04-06 15:34,4.2,5.8,6,0.8,2002-04-12 04:24,1.1,2002-04-12 04:20,2.3,2002-04-12 00:00,74,109.4,185.4,344.33,...,...,...,5.6
05,999.7,1009.5,1004.6,2002-05-03 09:35,993.9,2002-05-20 15:04,26.9,34.8,2002-05-15 13:44,20.5,2002-05-17 05:02,21.0,1.5,330,14.2,240,2002-05-15 10:24,270.7,49.9,9,13.0,2002-05-23 08:30,52.5,2002-05-23 07:39,90.2,2002-05-23 00:00,71,128.3,189.3,359.23,...,...,...,6.0
06,997.7,1007.4,1002.5,2002-06-26 22:00,991.6,2002-06-07 16:48,28.5,35.1,2002-06-23 13:14,22.8,2002-06-01 02:24,23.3,1.6,200,11.7,110,2002-06-09 15:56,199.0,27.2,10,11.5,2002-06-09 15:59,38.0,2002-06-06 15:38,57.3,2002-06-06 00:00,75,113.9,179.9,351.06,...,...,...,6.5
07,993.9,1003.5,1001.7,2002-07-20 21:53,978.6,2002-07-09 14:21,28.5,34.8,2002-07-16 12:44,23.3,2002-07-17 18:35,23.8,1.7,320,16.6,260,2002-07-10 02:05,355.8,69.6,17,19.0,2002-07-08 17:01,43.0,2002-07-06 16:56,67.7,2002-07-10 00:00,77,112.7,189.3,357.67,...,...,...,6.3
08,996.8,1006.5,1002.7,2002-08-24 08:03,988.2,2002-08-02 13:54,28.6,34.9,2002-08-02 12:15,23.4,2002-08-06 04:01,23.7,1.4,320,16.9,260,2002-08-05 10:36,154.2,49.5,17,10.0,2002-08-22 14:02,15.4,2002-08-22 13:55,46.7,2002-08-04 00:00,76,109.0,172.6,327.47,...,...,...,6.6
09,1000.0,1009.8,1006.3,2002-09-25 21:32,990.8,2002-09-07 14:46,27.3,33.9,2002-09-08 11:51,22.0,2002-09-26 04:58,21.9,1.5,320,16.3,80,2002-09-05 18:06,198.0,36.7,10,21.5,2002-09-16 16:51,40.4,2002-09-02 14:02,83.1,2002-09-02 00:00,73,112.8,191.9,314.08,...,...,...,5.5
10,1003.1,1012.9,1007.6,2002-10-25 08:53,998.4,2002-10-18 15:58,25.6,33.3,2002-10-04 13:50,19.9,2002-10-07 05:18,20.2,1.6,340,14.5,10,2002-10-06 15:16,12.0,7.8,5,2.8,2002-10-19 08:40,3.4,2002-10-19 08:38,6.4,2002-10-21 00:00,73,92.1,200.8,294.85,...,...,...,4.9
11,1006.9,1016.9,1012.7,2002-11-27 08:55,997.3,2002-11-14 14:28,21.8,30.9,2002-11-14 14:10,13.8,2002-11-27 02:57,15.0,1.8,10,15.2,40,2002-11-24 17:42,5.2,14.3,3,1.0,2002-11-19 04:25,1.2,2002-11-29 01:40,3.0,2002-11-29 00:00,67,87.2,198.3,248.44,...,...,...,4.9
12,1008.5,1018.7,1018.1,2002-12-13 10:03,1000.5,2002-12-20 14:23,19.3,31.7,2002-12-07 13:44,11.6,2002-12-09 23:07,14.1,1.7,10,12.3,70,2002-12-08 16:53,64.5,59.2,8,4.0,2002-12-19 05:37,13.0,2002-12-19 05:25,24.7,2002-12-19 00:00,73,65.9,172.7,31.95,...,...,...,5.4
01,1009.8,1020.0,1018.3,2003-01-05 09:03,1000.8,2003-01-22 13:41,16.4,27.7,2003-01-26 13:26,8.3,2003-01-06 04:38,10.9,1.6,330,12.9,30,2003-01-27 11:56,27.6,16.9,4,5.5,2003-01-27 03:45,6.5,2003-01-27 03:20,12.9,2003-01-07 00:00,72,63.4,224.8,0.00,...,...,...,3.7
02,1008.0,1018.1,1014.7,2003-02-06 07:54,1001.7,2003-02-23 15:22,18.8,29.7,2003-02-26 15:18,9.5,2003-02-06 05:35,13.8,1.6,330,12.9,60,2003-02-01 16:28,18.9,14.6,2,2.0,2003-02-08 16:43,7.0,2003-02-08 16:02,18.4,2003-02-08 00:00,74,71.1,187.1,X,...,...,...,4.9
03,1006.6,1016.7,1015.3,2003-03-13 08:19,997.4,2003-03-03 14:06,19.7,32.5,2003-03-03 12:24,11.5,2003-03-11 05:35,14.5,1.6,310,11.0,360,2003-03-13 14:42,35.7,52.6,7,1.6,2003-03-07 04:15,4.6,2003-03-10 04:57,10.5,2003-03-07 00:00,73,83.5,166.0,X,...,...,...,6.3
04,1002.5,1012.3,1008.9,2003-04-16 09:17,996.4,2003-04-01 16:43,24.3,31.6,2003-04-20 12:54,16.2,2003-04-05 05:37,19.9,1.5,320,12.8,30,2003-04-30 15:02,153.4,70.7,12,5.5,2003-04-04 15:03,17.1,2003-04-04 15:00,56.5,2003-04-04 00:00,78,90.4,134.1,346.03,...,...,...,7.2
05,998.8,1008.5,1005.7,2003-05-09 22:27,989.4,2003-05-28 16:06,26.6,35.2,2003-05-07 13:16,20.5,2003-05-01 06:00,20.8,1.5,330,10.7,340,2003-05-30 16:03,100.8,36.7,8,10.7,2003-05-08 12:30,21.5,2003-05-17 20:29,49.0,2003-05-17 00:00,71,119.3,192.0,439.17,...,...,...,5.7
06,997.1,1006.9,1003.2,2003-06-22 20:45,989.8,2003-06-17 17:08,27.6,35.2,2003-06-27 14:18,21.9,2003-06-18 12:25,22.5,1.7,170,14.1,240,2003-06-27 12:54,297.6,63.9,10,14.5,2003-06-20 17:41,46.0,2003-06-12 15:38,93.8,2003-06-07 00:00,75,109.5,178.5,346.10,...,...,...,6.3
07,999.4,1009.1,1004.0,2003-07-02 09:55,992.6,2003-07-22 18:03,29.8,36.4,2003-07-22 12:48,22.5,2003-07-09 17:10,23.8,1.7,230,13.3,220,2003-07-09 16:27,118.2,13.0,7,20.5,2003-07-24 14:22,69.0,2003-07-24 14:16,75.1,2003-07-24 00:00,71,140.0,250.1,561.56,...,...,...,5.5
08,996.7,1006.4,1004.0,2003-08-25 22:20,986.6,2003-08-04 01:45,28.8,35.7,2003-08-19 12:26,22.5,2003-08-26 05:31,24.0,1.3,180,10.4,180,2003-08-15 20:42,171.0,45.5,17,12.0,2003-08-12 16:32,33.5,2003-08-15 20:26,45.0,2003-08-15 00:00,76,109.8,169.3,446.54,...,...,...,6.1
09,998.7,1008.4,1003.1,2003-09-25 08:25,979.2,2003-09-02 01:00,28.6,35.2,2003-09-01 12:46,23.7,2003-09-25 04:47,23.4,1.5,330,13.6,50,2003-09-10 13:41,6.6,5.1,4,2.0,2003-09-07 15:10,3.1,2003-09-07 15:10,3.1,2003-09-07 00:00,75,95.4,170.1,402.57,...,...,...,5.5
10,1003.5,1013.4,1010.2,2003-10-28 08:05,997.3,2003-10-06 14:31,25.1,33.9,2003-10-05 13:04,15.8,2003-10-25 04:38,17.9,1.5,10,11.9,50,2003-10-23 12:34,T,0.2,0,0.0,2003-10-31 00:00,0.0,2003-10-31 00:00,0.0,2003-10-31 00:00,66,110.7,228.0,439.53,...,...,...,3.3
11,1005.1,1015.0,1011.7,2003-11-24 09:03,998.1,2003-11-03 03:48,23.5,34.0,2003-11-07 13:09,13.7,2003-11-30 06:51,17.9,1.9,10,11.3,50,2003-11-03 10:11,0.8,2.2,3,0.2,2003-11-23 03:35,0.5,2003-11-23 03:35,0.5,2003-11-23 00:00,72,88.2,192.3,333.91,...,...,...,5.4
12,1010.1,1020.3,1017.4,2003-12-28 09:39,1004.6,2003-12-25 14:57,17.8,29.7,2003-12-06 12:44,9.1,2003-12-15 05:08,11.0,1.8,10,11.4,10,2003-12-26 13:59,0.0,0.0,0,0.0,2003-12-31 00:00,0.0,2003-12-31 00:00,0.0,2003-12-31 00:00,66,82.8,253.5,361.10,...,...,...,2.6
01,1009.0,1019.2,1014.7,2004-01-09 08:56,1003.1,2004-01-29 14:29,16.3,28.1,2004-01-05 12:55,6.5,2004-01-25 06:38,11.1,1.8,340,12.7,40,2004-01-24 12:40,19.8,33.9,7,1.5,2004-01-20 19:52,3.7,2004-01-20 21:01,8.9,2004-01-20 00:00,73,69.8,171.9,302.72,...,...,...,6.0
02,1007.2,1017.3,1015.3,2004-02-07 10:06,998.2,2004-02-29 17:03,17.6,30.4,2004-02-29 13:28,9.0,2004-02-10 06:28,12.9,1.5,320,11.4,40,2004-02-09 12:22,78.1,77.6,7,1.5,2004-02-09 01:24,3.5,2004-02-09 00:26,21.6,2004-02-08 00:00,76,71.4,195.8,341.05,...,...,...,4.3
03,1005.1,1015.1,1017.7,2004-03-08 09:02,997.2,2004-03-01 15:47,19.4,30.4,2004-03-17 13:18,11.1,2004-03-05 05:32,14.6,1.8,320,14.0,60,2004-03-03 11:46,85.2,53.9,10,12.0,2004-03-30 02:47,21.2,2004-03-30 02:47,35.3,2004-03-30 00:00,75,90.3,176.3,372.56,...,...,...,6.6
04,1002.5,1012.4,1009.6,2004-04-03 10:25,996.7,2004-04-22 16:20,23.3,32.6,2004-04-22 12:52,13.0,2004-04-05 05:50,18.1,1.5,320,10.8,40,2004-04-08 12:06,131.2,39.3,7,6.5,2004-04-27 09:53,20.0,2004-04-03 07:29,61.7,2004-04-03 00:00,74,100.0,171.1,417.28,...,...,...,5.8
05,999.3,1009.0,1005.6,2004-05-06 10:10,991.4,2004-05-21 13:49,27.4,34.8,2004-05-16 12:26,20.4,2004-05-21 19:47,21.5,1.6,330,11.9,180,2004-05-29 23:17,164.2,31.9,8,14.5,2004-05-31 18:10,59.5,2004-05-31 18:00,60.7,2004-05-31 00:00,71,132.3,198.9,529.02,...,...,...,6.1
06,997.1,1006.7,1004.3,2004-06-01 22:08,983.7,2004-06-29 17:07,28.4,35.8,2004-06-30 13:18,23.3,2004-06-09 05:12,22.1,1.7,340,10.7,40,2004-06-04 16:00,76.7,8.9,5,18.5,2004-06-21 10:39,33.0,2004-06-21 10:31,65.7,2004-06-21 00:00,69,132.6,176.8,489.07,...,...,...,6.3
07,998.0,1007.7,1004.1,2004-07-22 08:49,977.1,2004-07-01 16:16,28.1,39.9,2004-07-01 15:04,22.4,2004-07-18 17:10,23.2,1.7,200,19.6,210,2004-07-03 08:59,1025.1,98.4,17,30.0,2004-07-18 16:19,89.5,2004-07-03 01:51,308.5,2004-07-03 00:00,76,124.3,188.1,479.05,...,...,...,6.1
08,993.9,1003.6,1001.1,2004-08-19 20:37,980.9,2004-08-25 14:59,28.3,34.2,2004-08-26 13:01,23.1,2004-08-19 20:04,23.2,1.6,330,19.6,340,2004-08-24 02:00,466.7,64.5,18,21.0,2004-08-19 20:05,72.0,2004-08-19 19:58,204.8,2004-08-25 00:00,75,115.6,143.1,430.67,...,...,...,6.3
09,1000.1,1009.8,1006.8,2004-09-16 21:28,991.3,2004-09-06 15:27,27.2,34.2,2004-09-07 13:10,22.5,2004-09-14 17:33,22.2,1.5,330,14.7,30,2004-09-11 10:36,155.8,54.8,10,14.5,2004-09-07 18:05,57.8,2004-09-07 17:52,76.4,2004-09-07 00:00,75,95.3,153.6,415.08,6,9,2004-09-18 13:00,5.6
10,1003.8,1013.7,1009.8,2004-10-22 09:36,994.1,2004-10-19 03:48,23.6,31.4,2004-10-01 12:01,16.6,2004-10-12 05:48,16.0,2.0,20,18.8,40,2004-10-18 22:06,8.7,12.8,2,0.6,2004-10-25 08:50,2.3,2004-10-25 08:50,8.6,2004-10-25 00:00,63,124.5,256.2,488.16,...,...,...,2.2
11,1007.2,1017.1,1011.6,2004-11-27 09:27,1002.8,2004-11-14 14:12,22.4,31.1,2004-11-14 12:01,13.9,2004-11-20 05:43,16.4,1.4,350,12.6,350,2004-11-18 14:16,0.0,0.0,0,0.0,2004-11-30 00:00,0.0,2004-11-30 00:00,0.0,2004-11-30 00:00,70,76.8,208.8,365.54,...,...,...,2.8
12,1007.4,1017.5,1016.3,2004-12-31 23:21,991.4,2004-12-04 05:28,19.3,27.5,2004-12-23 12:15,8.3,2004-12-31 23:53,14.0,1.8,10,18.6,20,2004-12-04 09:06,49.2,25.5,3,1.5,2004-12-04 00:01,8.5,2004-12-04 00:01,31.2,2004-12-04 00:00,73,71.2,209.7,345.84,...,...,...,3.8
01,1008.3,1018.6,1016.9,2005-01-21 09:20,999.0,2005-01-28 14:12,16.1,26.4,2005-01-25 12:57,6.0,2005-01-17 06:13,11.9,1.9,350,14.0,30,2005-01-14 17:41,17.6,16.0,4,1.0,2005-01-22 20:44,4.0,2005-01-13 11:51,14.0,2005-01-13 00:00,77,58.9,152.3,363.41,...,...,...,5.9
02,1007.3,1017.5,1014.0,2005-02-11 08:56,998.3,2005-02-24 14:23,16.9,30.9,2005-02-16 12:47,6.9,2005-02-20 07:34,14.0,1.6,330,11.8,20,2005-02-10 17:34,155.2,85.9,14,5.5,2005-02-25 02:30,16.0,2005-02-18 21:16,58.9,2005-02-18 00:00,84,54.9,99.1,291.65,...,...,...,7.1
03,1007.8,1018.0,1021.9,2005-03-05 08:39,998.9,2005-03-22 15:53,17.5,30.2,2005-03-22 11:10,5.0,2005-03-06 06:27,12.8,1.7,330,13.6,330,2005-03-05 15:39,228.3,111.6,16,6.9,2005-03-29 18:36,13.6,2005-03-29 17:58,48.7,2005-03-02 00:00,76,87.7,126.1,378.71,...,...,...,6.8
04,1003.8,1013.7,1011.3,2005-04-04 09:44,997.4,2005-04-30 15:21,23.8,32.4,2005-04-10 14:03,14.1,2005-04-04 06:19,19.1,1.5,330,11.1,10,2005-04-04 13:11,46.7,25.7,7,6.5,2005-04-26 07:04,16.5,2005-04-26 06:51,19.0,2005-04-26 00:00,76,98.8,119.1,423.89,...,...,...,6.3
05,998.9,1008.6,1003.1,2005-05-15 09:23,993.0,2005-05-06 04:51,26.9,33.7,2005-05-05 13:57,21.7,2005-05-09 05:24,22.8,1.6,200,11.7,260,2005-05-24 14:13,620.1,71.3,12,21.0,2005-05-12 23:02,91.5,2005-05-12 22:56,202.5,2005-05-12 00:00,79,123.9,157.8,518.20,...,...,...,6.3
06,996.6,1006.3,1004.2,2005-06-30 21:44,988.3,2005-06-11 02:12,27.5,33.5,2005-06-26 12:11,23.4,2005-06-17 04:25,23.6,1.6,210,11.6,200,2005-06-22 12:07,566.1,96.0,21,12.0,2005-06-15 05:15,37.0,2005-06-15 08:13,221.9,2005-06-15 00:00,80,100.3,91.3,386.62,...,...,...,7.9
07,996.9,1006.6,1004.8,2005-07-14 22:09,965.2,2005-07-18 16:35,28.8,35.4,2005-07-08 13:38,22.4,2005-07-23 05:43,24.1,1.9,340,34.0,350,2005-07-18 06:31,378.1,68.2,11,17.0,2005-07-22 15:23,52.5,2005-07-22 14:59,222.1,2005-07-19 00:00,76,150.8,201.3,577.33,...,...,...,5.2
08,996.1,1005.8,1004.8,2005-08-18 21:44,965.4,2005-08-31 23:59,27.9,34.3,2005-08-07 14:40,22.9,2005-08-26 04:56,24.4,1.5,200,26.8,340,2005-08-31 23:48,351.1,102.0,21,11.0,2005-08-04 15:47,24.0,2005-08-25 05:31,77.4,2005-08-04 00:00,82,107.4,123.4,438.67,...,...,...,7.0
09,999.1,1008.8,1007.8,2005-09-18 21:30,963.0,2005-09-01 01:18,28.2,34.0,2005-09-18 11:36,21.6,2005-09-26 05:10,23.5,1.5,360,27.1,170,2005-09-01 10:17,161.3,38.4,9,14.0,2005-09-25 15:55,48.0,2005-09-25 15:44,83.2,2005-09-01 00:00,77,115.0,188.7,516.57,...,...,...,4.6
10,1003.3,1013.1,1009.4,2005-10-24 08:42,972.9,2005-10-02 06:26,25.7,32.9,2005-10-05 12:54,19.4,2005-10-31 03:10,20.3,1.8,340,23.1,10,2005-10-02 06:24,28.8,15.0,4,8.0,2005-10-03 14:56,11.3,2005-10-03 14:44,16.4,2005-10-02 00:00,73,119.6,209.2,492.18,...,...,...,3.6
11,1005.4,1015.3,1010.6,2005-11-22 07:38,999.3,2005-11-15 13:43,23.3,31.1,2005-11-11 13:51,15.5,2005-11-27 06:21,17.9,1.5,350,11.8,30,2005-11-23 16:22,5.9,12.8,4,0.6,2005-11-21 17:27,1.4,2005-11-21 17:27,2.9,2005-11-22 00:00,73,85.4,181.2,393.86,...,...,...,4.4
12,1009.7,1019.9,1015.7,2005-12-22 08:28,1002.0,2005-12-03 15:26,16.8,27.9,2005-12-01 11:32,6.3,2005-12-23 04:46,11.6,1.9,350,15.2,10,2005-12-21 12:57,15.3,17.4,4,1.0,2005-12-28 15:12,2.5,2005-12-28 15:09,12.6,2005-12-28 00:00,72,67.7,155.4,323.83,...,...,...,4.9
01,1007.2,1017.4,1013.9,2006-01-07 00:01,999.8,2006-01-19 14:59,17.7,29.6,2006-01-19 13:17,8.7,2006-01-07 00:07,14.0,1.7,350,10.5,30,2006-01-05 09:52,28.9,37.5,7,2.0,2006-01-16 06:33,3.7,2006-01-28 22:30,11.4,2006-01-29 00:00,80,67.3,159.2,355.97,...,...,...,6.1
02,1009.3,1019.5,1018.6,2006-02-09 08:40,1001.9,2006-02-26 14:46,18.3,29.9,2006-02-22 13:58,12.8,2006-02-05 06:35,14.1,1.9,350,11.6,340,2006-02-04 14:46,22.3,18.3,4,2.5,2006-02-28 23:09,4.5,2006-02-28 22:20,11.9,2006-02-28 00:00,78,77.8,159.8,392.01,...,...,...,5.9
03,1005.2,1015.2,1013.8,2006-03-14 08:24,996.7,2006-03-22 15:42,19.7,32.4,2006-03-18 14:55,10.3,2006-03-02 03:49,15.2,1.6,330,12.7,30,2006-03-01 11:30,93.4,91.3,13,8.5,2006-03-27 14:24,11.5,2006-03-27 13:50,32.6,2006-03-27 00:00,77,92.4,147.8,416.85,...,...,...,6.7
04,1002.3,1012.2,1007.3,2006-04-18 08:17,996.1,2006-04-12 15:30,24.1,32.4,2006-04-12 13:44,15.9,2006-04-16 06:26,20.4,1.5,330,12.7,350,2006-04-15 10:11,221.6,86.4,14,15.0,2006-04-26 18:55,25.5,2006-04-10 11:01,74.7,2006-04-10 00:00,81,95.6,94.8,372.57,...,...,...,7.7
05,1001.2,1011.0,1006.5,2006-05-04 07:39,992.2,2006-05-18 05:06,26.1,32.8,2006-05-12 12:24,19.4,2006-05-30 02:12,22.4,1.6,340,16.8,230,2006-05-18 14:54,316.3,76.8,14,16.0,2006-05-02 12:40,51.5,2006-05-02 11:55,118.7,2006-05-02 00:00,81,105.7,133.3,484.45,...,...,...,7.3
06,998.7,1008.5,1003.6,2006-06-19 22:11,989.6,2006-06-10 05:12,27.1,35.0,2006-06-30 11:38,19.4,2006-06-10 08:58,23.3,1.5,180,14.4,180,2006-06-08 19:58,754.5,143.6,18,13.6,2006-06-09 06:18,44.7,2006-06-09 06:13,249.2,2006-06-09 00:00,81,81.1,124.3,432.64,...,...,...,7.2
07,994.6,1004.3,1002.3,2006-07-18 21:35,971.3,2006-07-13 21:58,28.8,34.5,2006-07-03 12:26,24.0,2006-07-19 04:40,24.1,1.8,190,19.0,10,2006-07-13 11:18,328.9,69.9,16,13.0,2006-07-09 16:10,48.0,2006-07-09 15:55,154.9,2006-07-14 00:00,76,126.8,174.1,528.50,...,...,...,6.3
08,996.1,1005.7,1003.1,2006-08-28 22:59,985.1,2006-08-09 05:42,28.8,37.0,2006-08-02 12:30,23.3,2006-08-18 13:27,23.7,1.5,210,11.7,150,2006-08-02 16:52,117.4,21.0,14,11.5,2006-08-02 16:57,29.0,2006-08-18 12:28,36.1,2006-08-18 00:00,75,120.5,171.7,533.68,...,...,...,6.2
09,999.0,1008.8,1004.1,2006-09-12 21:31,991.4,2006-09-15 15:13,27.2,33.8,2006-09-02 12:56,21.7,2006-09-19 05:40,22.4,1.4,350,14.5,330,2006-09-16 04:18,143.7,36.2,14,15.0,2006-09-01 15:52,22.0,2006-09-01 15:23,23.6,2006-09-01 00:00,76,113.3,169.3,486.37,...,...,...,6.2
10,1003.4,1013.2,1008.0,2006-10-25 09:13,994.8,2006-10-04 14:00,25.9,32.5,2006-10-02 12:56,20.5,2006-10-07 03:03,20.0,1.6,350,14.3,30,2006-10-04 15:26,0.0,0.0,0,0.0,2006-10-31 00:00,0.0,2006-10-31 00:00,0.0,2006-10-31 00:00,71,110.3,213.3,483.21,...,...,...,2.9
11,1005.1,1015.0,1011.3,2006-11-09 07:40,998.4,2006-11-26 13:52,23.2,30.7,2006-11-19 12:31,18.1,2006-11-15 06:55,18.2,1.3,340,12.1,30,2006-11-22 04:01,95.7,59.0,14,8.6,2006-11-22 03:50,23.6,2006-11-22 03:50,38.8,2006-11-22 00:00,75,73.5,152.9,344.53,5,6,2006-11-17 12:00,5.8
12,1008.9,1019.0,1016.9,2006-12-18 08:34,1001.7,2006-12-01 14:22,18.9,29.8,2006-12-08 14:25,9.6,2006-12-18 01:23,13.5,1.7,30,13.1,40,2006-12-28 13:13,49.2,33.6,4,2.0,2006-12-14 14:58,6.2,2006-12-15 11:50,24.0,2006-12-15 00:00,72,69.0,191.6,349.19,...,...,...,4.6
01,1010.4,1020.6,1016.8,2007-01-28 09:43,1003.0,2007-01-02 14:31,17.2,27.1,2007-01-03 14:19,6.2,2007-01-29 06:44,12.2,2.0,340,14.3,40,2007-01-28 13:17,57.0,53.0,8,3.0,2007-01-17 16:17,5.0,2007-01-19 01:59,24.1,2007-01-17 00:00,74,69.6,174.6,381.84,...,...,...,5.6
02,1007.3,1017.4,1016.0,2007-02-02 09:00,1001.4,2007-02-17 15:11,19.3,29.6,2007-02-17 13:00,7.6,2007-02-02 04:57,13.4,1.5,340,13.1,340,2007-02-01 13:58,24.5,23.1,6,1.5,2007-02-22 04:41,5.0,2007-02-25 05:41,14.6,2007-02-25 00:00,70,70.7,178.8,409.04,...,...,...,4.4
03,1005.1,1015.1,1011.1,2007-03-22 07:36,998.2,2007-03-15 14:50,20.7,31.1,2007-03-30 12:35,11.6,2007-03-07 03:12,16.4,1.6,340,15.2,20,2007-03-19 18:19,87.9,50.1,13,3.5,2007-03-05 02:45,11.1,2007-03-27 18:07,26.3,2007-03-27 00:00,77,76.5,127.6,392.43,...,...,...,7.4
04,1004.1,1014.1,1011.9,2007-04-04 08:27,994.6,2007-04-18 00:59,22.3,31.2,2007-04-22 12:17,12.0,2007-04-04 02:10,17.4,1.6,330,16.3,60,2007-04-02 19:54,136.4,71.6,15,5.5,2007-04-18 01:27,21.2,2007-04-18 00:48,28.2,2007-04-18 00:00,75,88.6,101.5,401.43,...,...,...,7.8
05,1000.2,1010.0,1004.9,2007-05-14 07:49,993.5,2007-05-24 15:48,26.5,34.4,2007-05-25 12:17,18.6,2007-05-07 04:49,21.3,1.5,340,9.8,330,2007-05-18 19:03,169.1,55.5,15,6.5,2007-05-22 16:32,31.5,2007-05-22 16:36,46.5,2007-05-22 00:00,75,123.5,173.4,549.19,...,...,...,5.7
06,998.0,1007.7,1002.1,2007-06-29 22:18,993.9,2007-06-12 03:23,27.4,34.3,2007-06-27 13:02,22.8,2007-06-11 03:37,23.2,1.4,180,14.2,200,2007-06-11 12:48,735.2,113.4,17,19.0,2007-06-08 13:51,57.5,2007-06-08 13:01,252.2,2007-06-08 00:00,79,97.3,124.7,415.69,...,...,...,7.5
07,998.1,1007.7,1002.8,2007-07-25 09:01,987.4,2007-07-13 15:49,29.8,35.6,2007-07-05 14:34,23.9,2007-07-25 04:53,23.3,1.7,190,10.7,200,2007-07-17 14:33,62.0,17.4,9,13.0,2007-07-29 18:48,24.5,2007-07-29 18:24,33.8,2007-07-29 00:00,69,158.9,233.4,651.42,...,...,...,4.8
08,995.2,1004.9,1003.0,2007-08-28 23:52,966.8,2007-08-18 07:40,27.8,34.9,2007-08-03 13:30,22.5,2007-08-25 06:16,22.8,1.5,180,16.3,160,2007-08-19 02:01,516.0,122.5,20,13.5,2007-08-13 21:58,35.3,2007-08-13 21:47,99.2,2007-08-19 00:00,75,107.3,131.6,436.23,6,10,2007-08-16 13:00,7.3
09,996.8,1006.5,1003.6,2007-09-25 09:23,982.3,2007-09-18 14:21,27.6,34.1,2007-09-30 13:20,22.2,2007-09-19 02:50,22.9,1.5,330,15.6,320,2007-09-18 09:04,315.7,62.3,11,19.5,2007-09-09 15:38,37.8,2007-09-09 14:48,188.0,2007-09-18 00:00,76,100.4,157.1,464.18,...,...,...,5.8
10,1001.7,1011.6,1008.8,2007-10-15 08:45,968.4,2007-10-06 16:41,25.4,33.8,2007-10-02 11:18,18.9,2007-10-20 04:23,19.6,2.0,330,27.7,340,2007-10-06 11:21,289.8,49.3,5,7.0,2007-10-07 01:05,27.0,2007-10-07 04:07,169.2,2007-10-07 00:00,71,101.4,182.1,463.77,...,...,...,5.2
11,1004.5,1014.5,1014.1,2007-11-30 09:28,992.3,2007-11-27 14:15,21.6,29.9,2007-11-01 11:52,12.1,2007-11-30 06:19,15.8,2.0,330,18.3,20,2007-11-26 22:01,22.6,25.3,7,1.0,2007-11-27 04:53,3.5,2007-11-27 04:55,17.8,2007-11-27 00:00,70,81.5,172.5,386.92,...,...,...,5.1
12,1007.1,1017.2,1014.7,2007-12-04 09:18,1000.6,2007-12-29 14:00,19.6,28.7,2007-12-17 12:18,11.6,2007-12-31 23:10,14.1,1.6,330,11.0,20,2007-12-31 16:03,16.7,7.4,2,3.6,2007-12-23 22:58,5.5,2007-12-24 11:08,11.4,2007-12-24 00:00,72,72.1,206.1,401.01,...,...,...,3.7
01,1008.2,1018.4,1014.0,2008-01-16 09:26,1001.0,2008-01-11 15:28,17.9,30.7,2008-01-11 13:23,9.7,2008-01-03 04:42,13.2,1.9,330,11.2,360,2008-01-30 17:00,15.2,20.4,7,1.5,2008-01-26 15:43,2.2,2008-01-26 14:55,10.9,2008-01-26 00:00,75,65.1,143.6,343.30,...,...,...,6.2
02,1009.3,1019.6,1015.3,2008-02-18 09:11,1002.4,2008-02-02 15:58,15.0,24.4,2008-02-22 13:08,8.7,2008-02-10 05:05,10.9,2.2,360,11.6,50,2008-02-06 07:06,38.4,45.8,11,2.3,2008-02-05 14:01,6.7,2008-02-05 13:46,13.3,2008-02-03 00:00,77,61.4,97.6,329.31,...,...,...,7.3
03,1005.4,1015.4,1014.0,2008-03-05 08:53,998.2,2008-03-18 15:31,20.3,29.9,2008-03-18 13:44,10.3,2008-03-04 06:21,14.2,1.6,330,14.4,20,2008-03-03 13:04,34.1,29.9,9,2.3,2008-03-31 11:48,4.3,2008-03-31 21:49,11.8,2008-03-31 00:00,70,92.7,179.1,483.16,...,...,...,5.0
04,1002.6,1012.4,1008.5,2008-04-05 08:50,997.0,2008-04-08 15:27,24.3,33.1,2008-04-16 12:37,14.3,2008-04-01 00:03,19.0,1.5,330,13.2,20,2008-04-23 15:34,31.2,31.7,10,2.0,2008-04-28 08:02,4.5,2008-04-28 07:12,16.5,2008-04-01 00:00,73,90.0,109.5,434.02,...,...,...,7.5
05,998.5,1008.4,1003.6,2008-05-13 08:37,993.2,2008-05-18 15:19,25.8,33.5,2008-05-28 14:38,19.0,2008-05-05 21:44,20.6,1.5,200,12.5,360,2008-05-10 15:30,332.0,57.0,15,13.5,2008-05-29 13:56,41.5,2008-05-29 11:43,145.0,2008-05-29 00:00,74,114.5,162.7,505.91,6,9,2008-05-21 12:00,6.2
06,998.6,1008.3,1004.2,2008-06-30 22:08,990.7,2008-06-23 13:42,27.5,34.7,2008-06-23 12:28,22.2,2008-06-13 05:00,22.9,1.5,200,14.1,250,2008-06-12 18:29,182.8,69.4,19,6.0,2008-06-14 09:41,12.0,2008-06-14 09:07,57.7,2008-06-14 00:00,77,103.0,142.1,487.79,...,...,...,7.0
07,996.2,1005.9,1003.5,2008-07-03 08:27,969.6,2008-07-28 06:46,28.1,34.8,2008-07-27 14:15,22.6,2008-07-18 09:57,23.8,1.8,190,22.3,170,2008-07-28 16:34,907.6,105.3,17,20.0,2008-07-18 05:04,120.0,2008-07-18 07:00,476.9,2008-07-18 00:00,78,118.0,178.0,534.34,...,...,...,6.4
08,997.7,1007.4,1002.9,2008-08-24 22:37,991.1,2008-08-09 15:55,28.7,35.1,2008-08-22 13:33,23.4,2008-08-06 05:41,23.7,1.5,210,13.7,240,2008-08-22 11:39,50.7,11.6,11,6.0,2008-08-11 15:12,20.5,2008-08-06 18:00,22.3,2008-08-06 00:00,75,127.8,187.4,547.85,...,...,...,6.0
09,996.3,1006.0,1004.7,2008-09-06 21:21,969.6,2008-09-28 17:55,27.6,35.4,2008-09-22 14:56,22.3,2008-09-30 00:31,23.8,1.7,350,29.7,30,2008-09-28 17:22,829.7,128.1,16,12.0,2008-09-14 16:42,47.5,2008-09-14 15:53,227.5,2008-09-29 00:00,81,86.5,143.9,420.33,...,...,...,7.1
10,1003.4,1013.2,1008.8,2008-10-25 09:04,998.7,2008-10-05 14:46,26.8,33.1,2008-10-31 13:40,21.9,2008-10-28 04:05,22.1,1.4,330,9.8,250,2008-10-06 12:09,20.5,11.1,2,2.5,2008-10-07 04:24,6.0,2008-10-07 03:43,15.3,2008-10-07 00:00,76,104.7,204.4,472.66,...,...,...,4.5
11,1006.9,1016.9,1015.7,2008-11-29 08:48,1001.0,2008-11-17 14:39,21.9,32.6,2008-11-04 14:34,10.9,2008-11-29 05:54,16.8,1.9,20,13.4,20,2008-11-27 19:50,24.4,30.7,5,1.0,2008-11-09 03:51,2.5,2008-11-09 05:34,18.7,2008-11-09 00:00,74,82.5,194.3,390.08,...,...,...,3.8
12,1008.9,1019.0,1014.5,2008-12-06 08:50,1003.2,2008-12-12 15:23,18.1,28.3,2008-12-12 12:40,9.9,2008-12-07 05:40,12.0,1.7,20,13.8,30,2008-12-22 15:45,11.2,28.9,4,0.5,2008-12-31 00:10,1.4,2008-12-31 00:03,6.1,2008-12-30 00:00,69,69.1,210.2,377.84,...,...,...,3.5
01,1010.7,1021.0,1019.7,2009-01-13 08:48,1002.3,2009-01-22 13:24,15.5,26.4,2009-01-21 13:21,5.4,2009-01-14 06:22,10.1,1.9,20,13.8,30,2009-01-10 13:00,T,2.7,0,T,2009-01-24 13:20,T,2009-01-24 13:20,-9.8,2009-01-24 00:00,72,74.7,237.8,422.38,...,...,...,3.2
02,1005.7,1015.7,1012.5,2009-02-01 09:00,996.6,2009-02-13 14:49,21.3,32.9,2009-02-13 12:50,13.7,2009-02-03 06:12,16.2,1.6,330,11.2,340,2009-02-05 15:49,12.5,2.4,1,3.8,2009-02-20 05:13,12.3,2009-02-20 04:41,12.5,2009-02-20 00:00,74,91.5,215.8,454.04,6,8,2009-02-28 12:00,4.3
03,1005.5,1015.5,1011.8,2009-03-14 06:50,999.0,2009-03-05 14:22,19.9,29.7,2009-03-05 13:03,11.8,2009-03-14 06:08,15.6,1.7,330,14.8,30,2009-03-13 22:54,161.2,61.5,10,8.0,2009-03-29 04:28,22.0,2009-03-29 03:57,49.1,2009-03-06 00:00,77,83.9,143.0,432.71,...,...,...,6.7
04,1002.9,1012.9,1011.2,2009-04-01 21:34,992.6,2009-04-20 02:33,22.5,30.9,2009-04-21 12:04,14.8,2009-04-26 07:04,17.1,1.5,330,11.8,350,2009-04-13 12:45,303.0,72.1,13,22.0,2009-04-13 12:26,56.5,2009-04-13 12:10,90.7,2009-04-20 00:00,72,91.1,137.1,465.94,...,...,...,7.1
05,1001.3,1011.2,1006.5,2009-05-01 07:48,996.7,2009-05-31 14:42,25.9,33.5,2009-05-21 13:44,19.3,2009-05-06 04:34,19.4,1.5,330,9.8,330,2009-05-04 13:57,20.5,16.4,5,2.0,2009-05-21 16:25,4.5,2009-05-27 09:19,16.9,2009-05-27 00:00,68,125.5,195.2,594.91,...,...,...,5.3
06,996.8,1006.5,1002.7,2009-06-30 08:39,988.8,2009-06-04 16:12,27.8,34.2,2009-06-28 14:33,22.1,2009-06-05 04:38,22.6,1.6,200,15.4,180,2009-06-22 07:51,421.5,56.4,14,13.5,2009-06-04 12:08,36.5,2009-06-11 17:42,150.7,2009-06-04 00:00,75,110.1,159.5,511.99,...,...,...,6.3
07,997.0,1006.7,1003.5,2009-07-20 22:57,987.1,2009-07-18 00:32,29.1,35.3,2009-07-09 14:53,23.8,2009-07-05 01:14,23.4,1.6,330,11.2,210,2009-07-25 12:22,83.5,23.2,9,11.5,2009-07-19 18:15,32.5,2009-07-19 17:50,37.8,2009-07-19 00:00,72,120.2,162.5,528.64,...,...,...,6.4
08,994.4,1004.0,1003.7,2009-08-17 22:04,955.3,2009-08-08 00:37,28.7,36.1,2009-08-02 13:31,24.5,2009-08-13 05:11,23.9,1.7,200,26.9,310,2009-08-07 11:50,810.8,113.5,14,18.0,2009-08-04 18:05,86.0,2009-08-04 18:01,347.4,2009-08-09 00:00,76,86.4,130.4,420.10,...,...,...,6.4
09,997.7,1007.4,1003.3,2009-09-16 22:38,991.2,2009-09-04 16:05,29.3,35.2,2009-09-03 14:44,24.0,2009-09-29 05:02,23.2,1.2,340,9.4,320,2009-09-05 13:38,119.7,25.6,6,17.0,2009-09-15 17:42,42.5,2009-09-30 12:16,55.4,2009-09-15 00:00,70,108.8,164.5,473.60,...,...,...,5.3
10,1000.8,1010.7,1008.8,2009-10-28 08:54,991.6,2009-10-04 14:42,25.7,33.8,2009-10-02 13:03,18.5,2009-10-27 03:49,19.1,1.7,30,12.4,10,2009-10-25 15:19,12.4,15.5,3,1.0,2009-10-06 02:11,4.2,2009-10-06 02:10,6.4,2009-10-05 00:00,68,112.3,198.5,480.94,...,...,...,4.4
11,1006.3,1016.3,1014.0,2009-11-03 08:10,997.0,2009-11-10 14:24,22.0,31.1,2009-11-01 11:32,16.5,2009-11-30 23:59,16.4,1.8,30,18.0,30,2009-11-02 13:32,16.0,10.4,2,2.8,2009-11-10 10:34,6.3,2009-11-10 09:55,8.0,2009-11-13 00:00,72,81.7,186.1,376.07,...,...,...,4.7
12,1008.7,1018.9,1016.8,2009-12-19 22:27,1002.4,2009-12-25 15:17,17.7,29.4,2009-12-12 12:51,10.1,2009-12-22 06:10,12.3,1.5,350,11.6,10,2009-12-03 15:20,17.6,25.4,9,1.0,2009-12-28 06:54,3.0,2009-12-28 06:48,6.3,2009-12-25 00:00,72,63.0,163.6,318.55,...,...,...,5.5
01,1009.9,1020.1,1018.2,2010-01-14 08:33,1003.5,2010-01-04 14:20,17.1,27.6,2010-01-29 14:15,6.8,2010-01-13 03:52,12.4,1.3,10,12.9,30,2010-01-12 13:02,34.1,37.8,9,1.0,2010-01-25 11:33,3.6,2010-01-25 11:04,8.7,2010-01-08 00:00,75,62.8,153.8,345.45,...,...,...,5.6
02,1006.8,1016.9,1013.1,2010-02-18 22:32,999.4,2010-02-26 15:23,18.5,31.4,2010-02-10 12:55,9.5,2010-02-19 02:58,14.7,1.4,10,10.3,20,2010-02-16 06:06,118.3,76.3,11,5.2,2010-02-12 11:35,6.1,2010-02-12 11:25,31.4,2010-02-19 00:00,80,54.8,118.4,299.13,...,...,...,6.7
03,1006.9,1016.9,1016.6,2010-03-10 09:06,998.2,2010-03-23 15:36,21.1,31.4,2010-03-15 13:07,9.5,2010-03-10 06:08,15.6,1.5,360,13.9,30,2010-03-09 16:51,22.6,15.3,4,3.5,2010-03-13 02:16,4.8,2010-03-13 02:16,7.6,2010-03-09 00:00,72,88.9,176.8,478.60,...,...,...,5.7
04,1004.9,1014.8,1010.9,2010-04-17 10:42,997.5,2010-04-11 15:16,22.0,32.4,2010-04-22 12:56,14.1,2010-04-16 01:02,17.8,1.3,360,10.9,20,2010-04-23 08:49,158.4,63.0,16,5.0,2010-04-05 12:32,16.0,2010-04-23 10:22,44.3,2010-04-23 00:00,78,81.3,127.8,429.28,...,...,...,7.2
05,999.4,1009.2,1007.2,2010-05-01 08:15,991.6,2010-05-23 04:07,26.6,34.2,2010-05-22 14:43,19.5,2010-05-01 04:00,21.5,1.4,350,11.2,230,2010-05-23 12:32,145.3,36.8,10,15.0,2010-05-23 11:01,50.5,2010-05-23 10:40,105.6,2010-05-23 00:00,75,108.2,153.5,522.22,...,...,...,6.7
06,998.8,1008.6,1002.6,2010-06-22 22:14,992.7,2010-06-25 04:29,27.1,34.3,2010-06-27 12:25,21.0,2010-06-03 00:17,22.8,1.4,190,11.5,240,2010-06-23 13:35,529.9,104.2,17,20.0,2010-06-21 17:10,39.8,2010-06-13 08:20,117.6,2010-06-14 00:00,78,90.6,108.4,424.09,...,...,...,7.9
07,999.5,1009.2,1003.8,2010-07-21 19:27,994.3,2010-07-18 11:52,29.2,35.9,2010-07-18 12:31,23.8,2010-07-21 19:11,23.9,1.7,200,14.3,180,2010-07-21 18:52,463.5,60.2,16,13.0,2010-07-26 18:06,51.0,2010-07-26 17:53,125.5,2010-07-27 00:00,74,114.6,179.7,535.27,7,10,2010-07-15 12:00,6.5
08,998.9,1008.6,1005.5,2010-08-19 08:12,989.4,2010-08-08 16:45,28.9,35.6,2010-08-10 12:55,23.4,2010-08-26 05:18,24.2,1.1,210,12.9,180,2010-08-25 16:34,203.5,45.5,20,13.5,2010-08-25 16:26,34.0,2010-08-25 16:18,55.5,2010-08-25 00:00,77,110.0,155.9,502.52,...,...,...,6.2
09,999.4,1009.2,1006.0,2010-09-21 20:09,975.9,2010-09-19 14:56,28.1,34.6,2010-09-08 13:10,23.3,2010-09-21 05:57,23.6,1.3,360,25.5,10,2010-09-19 09:32,328.6,47.2,15,19.5,2010-09-11 16:02,46.0,2010-09-11 15:27,66.0,2010-09-19 00:00,77,95.2,163.8,454.61,...,...,...,5.6
10,1001.7,1011.5,1011.0,2010-10-31 08:21,989.2,2010-10-22 12:32,25.9,33.2,2010-10-02 12:32,17.2,2010-10-31 06:17,20.3,1.8,30,15.4,40,2010-10-27 15:29,2.1,5.7,3,0.3,2010-10-19 06:20,0.5,2010-10-21 09:00,1.3,2010-10-21 00:00,72,107.9,165.2,442.96,...,...,...,5.6
11,1005.8,1015.8,1010.5,2010-11-10 08:47,998.3,2010-11-22 13:32,21.8,28.4,2010-11-08 11:50,15.7,2010-11-26 06:04,16.1,1.4,10,13.1,40,2010-11-25 12:48,20.7,38.5,7,0.5,2010-11-04 16:57,1.8,2010-11-13 10:50,13.4,2010-11-13 00:00,71,77.9,181.5,373.27,...,...,...,5.4
12,1005.5,1015.6,1011.0,2010-12-19 08:13,1000.0,2010-12-13 13:43,18.1,28.7,2010-12-06 12:24,7.5,2010-12-27 05:10,11.5,1.4,30,17.5,30,2010-12-16 02:45,27.4,24.1,3,1.5,2010-12-16 09:29,3.5,2010-12-16 05:56,20.9,2010-12-16 00:00,67,68.9,201.3,355.43,...,...,...,4.2
01,1009.7,1020.0,1016.4,2011-01-30 09:16,1003.7,2011-01-14 16:25,14.9,23.3,2011-01-27 11:44,7.9,2011-01-01 06:59,10.3,2.1,10,15.4,40,2011-01-15 12:10,35.4,39.2,5,3.5,2011-01-05 01:40,5.0,2011-01-05 01:38,15.7,2011-01-12 00:00,74,62.4,129.1,330.71,...,...,...,6.9
02,1006.5,1016.6,1013.2,2011-02-01 08:49,997.1,2011-02-08 15:25,17.2,27.8,2011-02-28 12:50,10.3,2011-02-14 18:42,12.3,1.4,10,14.1,30,2011-02-13 19:33,27.6,35.6,8,1.0,2011-02-20 05:34,3.7,2011-02-13 20:16,9.2,2011-02-20 00:00,74,67.7,162.4,379.65,...,...,...,5.3
03,1008.0,1018.1,1013.0,2011-03-26 09:58,999.6,2011-03-20 15:45,18.2,30.5,2011-03-20 12:44,11.6,2011-03-28 04:30,12.3,1.5,10,12.1,330,2011-03-22 11:08,33.2,45.6,8,2.0,2011-03-07 06:19,4.4,2011-03-07 05:59,14.3,2011-03-27 00:00,69,86.9,109.6,391.83,...,...,...,7.7
04,1004.0,1014.0,1011.0,2011-04-09 08:19,996.1,2011-04-27 15:13,23.1,33.1,2011-04-27 13:10,15.3,2011-04-05 00:01,15.7,1.3,350,10.0,30,2011-04-19 15:54,5.1,10.0,5,0.5,2011-04-29 21:42,1.3,2011-04-29 21:14,2.0,2011-04-29 00:00,64,102.3,150.6,480.97,...,...,...,6.0
05,999.7,1009.5,1006.3,2011-05-15 10:13,988.0,2011-05-28 04:19,26.0,35.6,2011-05-12 12:05,20.1,2011-05-17 05:49,20.8,1.2,330,16.4,200,2011-05-23 15:00,95.0,56.0,16,9.0,2011-05-22 16:45,15.0,2011-05-22 16:35,24.2,2011-05-22 00:00,74,101.5,118.8,473.13,...,...,...,7.4
06,997.3,1007.0,1002.7,2011-06-30 21:54,983.7,2011-06-24 17:32,29.1,35.7,2011-06-15 13:18,23.1,2011-06-02 06:30,23.0,1.5,190,12.5,200,2011-06-11 15:29,151.3,49.6,11,7.5,2011-06-27 15:35,29.5,2011-06-27 15:18,66.5,2011-06-27 00:00,71,121.2,182.8,565.84,...,...,...,6.2
07,996.3,1005.9,1002.6,2011-07-01 07:05,987.5,2011-07-18 18:38,28.8,35.3,2011-07-28 14:09,23.7,2011-07-14 04:04,23.4,1.3,200,12.1,260,2011-07-16 13:25,300.6,49.6,13,13.0,2011-07-13 16:36,43.5,2011-07-13 16:20,51.5,2011-07-13 00:00,73,121.8,188.5,573.82,...,...,...,6.5
08,996.3,1006.0,1004.1,2011-08-15 09:33,978.4,2011-08-29 05:48,29.1,35.1,2011-08-26 13:35,23.9,2011-08-08 18:32,23.4,1.2,200,12.7,200,2011-08-30 11:26,256.3,47.0,12,29.0,2011-08-09 16:13,66.8,2011-08-09 16:05,98.9,2011-08-08 00:00,72,107.2,169.6,490.35,...,...,...,6.3
09,998.6,1008.3,1003.4,2011-09-10 09:32,991.7,2011-09-27 15:33,28.1,34.3,2011-09-04 13:47,22.6,2011-09-23 05:25,22.0,1.1,340,11.9,170,2011-09-01 16:28,99.3,14.4,9,10.5,2011-09-12 16:34,26.0,2011-09-12 16:32,54.5,2011-09-12 00:00,70,111.2,172.6,489.87,...,...,...,5.1
10,1003.2,1013.0,1008.0,2011-10-27 09:08,996.2,2011-10-02 05:32,26.0,32.8,2011-10-01 12:49,20.3,2011-10-28 05:25,20.0,1.5,30,10.3,330,2011-10-25 15:57,13.3,20.0,5,1.0,2011-10-03 05:32,2.2,2011-10-03 05:01,6.6,2011-10-03 00:00,70,108.1,188.6,457.46,...,...,...,5.2
11,1004.7,1014.6,1012.1,2011-11-21 08:23,996.2,2011-11-10 03:01,23.8,32.5,2011-11-04 12:01,17.5,2011-11-25 03:54,19.5,1.2,10,10.4,350,2011-11-15 15:59,150.7,78.2,10,7.5,2011-11-10 19:18,13.5,2011-11-10 19:00,63.9,2011-11-10 00:00,78,67.3,130.1,330.49,...,...,...,7.0
12,1008.7,1018.8,1015.2,2011-12-26 09:01,1001.4,2011-12-01 13:46,17.8,27.5,2011-12-06 13:38,9.6,2011-12-25 01:50,12.7,2.0,10,11.4,360,2011-12-16 09:44,37.1,24.7,7,1.6,2011-12-05 11:06,8.0,2011-12-05 11:05,30.9,2011-12-05 00:00,72,64.6,139.4,347.67,...,...,...,6.5
01,1008.0,1018.2,1015.0,2012-01-04 09:31,997.5,2012-01-15 15:47,16.6,25.9,2012-01-18 13:57,10.8,2012-01-04 18:21,11.9,1.7,350,10.9,360,2012-01-01 14:07,57.1,60.0,10,1.7,2012-01-24 06:55,3.2,2012-01-16 01:57,14.0,2012-01-16 00:00,75,56.7,142.9,365.30,...,...,...,6.5
02,1006.4,1016.6,1012.8,2012-02-03 10:09,998.0,2012-02-23 15:14,16.7,28.6,2012-02-23 11:47,10.1,2012-02-09 00:32,12.2,1.6,330,12.6,340,2012-02-28 09:40,77.2,57.8,10,5.5,2012-02-07 03:52,8.7,2012-02-07 03:45,17.6,2012-02-28 00:00,75,55.1,104.1,332.78,...,...,...,7.7
03,1005.5,1015.5,1012.6,2012-03-27 09:39,997.7,2012-03-06 15:48,19.8,32.2,2012-03-23 13:02,12.0,2012-03-10 06:27,14.9,1.4,340,13.6,360,2012-03-24 00:24,40.8,31.4,5,2.4,2012-03-10 10:25,5.8,2012-03-10 10:23,11.9,2012-03-12 00:00,75,87.9,165.7,493.19,...,...,...,6.1
04,1002.2,1012.0,1009.4,2012-04-01 09:46,996.5,2012-04-24 14:49,24.6,33.7,2012-04-24 12:29,17.2,2012-04-01 04:15,19.8,1.2,200,13.9,190,2012-04-24 15:32,234.6,54.4,17,16.5,2012-04-26 05:55,30.5,2012-04-26 05:35,57.2,2012-04-30 00:00,75,78.0,88.7,411.94,...,...,...,7.8
05,998.4,1008.2,1003.1,2012-05-18 21:41,994.3,2012-05-20 16:34,26.9,33.8,2012-05-15 12:19,21.6,2012-05-05 03:07,21.5,1.3,190,14.6,220,2012-05-16 12:21,267.9,62.1,14,14.0,2012-05-17 13:28,34.4,2012-05-29 16:47,87.2,2012-05-18 00:00,74,116.7,170.3,584.29,...,...,...,6.1
06,994.4,1004.1,1001.7,2012-06-30 22:48,985.4,2012-06-20 16:37,27.8,34.4,2012-06-08 13:01,23.1,2012-06-21 03:02,23.6,1.5,190,17.7,140,2012-06-20 19:44,331.6,91.8,18,10.0,2012-06-09 17:25,18.2,2012-06-12 10:10,70.1,2012-06-12 00:00,79,109.2,134.1,495.77,...,...,...,7.3
07,996.1,1005.8,1002.4,2012-07-01 23:13,980.2,2012-07-31 16:35,29.1,34.9,2012-07-23 13:25,24.0,2012-07-21 18:20,23.6,1.5,200,13.2,210,2012-07-21 17:29,215.6,40.1,14,14.3,2012-07-26 17:28,42.5,2012-07-26 17:17,64.4,2012-07-26 00:00,73,130.0,204.2,628.64,...,...,...,6.1
08,993.3,1002.9,1002.0,2012-08-17 22:16,974.3,2012-08-02 02:13,28.0,35.1,2012-08-23 13:39,23.5,2012-08-20 18:38,23.5,1.4,190,22.0,40,2012-08-01 21:03,726.2,75.7,21,23.5,2012-08-17 15:08,70.0,2012-08-25 13:51,465.2,2012-08-02 00:00,77,94.6,96.4,443.15,...,...,...,7.8
09,999.8,1009.5,1004.9,2012-09-07 09:21,991.6,2012-09-28 13:39,27.6,34.5,2012-09-27 15:02,20.8,2012-09-17 05:54,21.2,1.4,10,20.5,40,2012-09-28 22:58,34.2,8.9,5,7.0,2012-09-02 17:59,22.5,2012-09-02 17:30,28.1,2012-09-02 00:00,69,125.1,190.1,552.90,...,...,...,5.5
10,1003.5,1013.3,1009.4,2012-10-20 09:39,997.2,2012-10-03 15:02,24.9,31.9,2012-10-26 11:53,19.1,2012-10-23 05:20,17.2,1.6,10,13.4,30,2012-10-17 13:57,1.4,4.4,3,0.2,2012-10-31 06:25,0.3,2012-10-31 06:25,0.8,2012-10-31 00:00,64,118.7,222.9,528.75,...,...,...,3.9
11,1005.4,1015.4,1009.6,2012-11-16 08:23,999.9,2012-11-22 14:11,22.3,32.2,2012-11-10 12:07,14.2,2012-11-27 02:47,16.6,1.1,360,10.3,20,2012-11-11 03:38,144.8,92.0,11,7.0,2012-11-23 11:05,17.5,2012-11-23 10:30,33.0,2012-11-23 00:00,71,58.7,132.6,321.79,...,...,...,6.7
12,1007.3,1017.5,1014.1,2012-12-23 10:53,1001.7,2012-12-02 14:00,18.4,28.3,2012-12-16 12:33,9.0,2012-12-31 04:06,13.2,1.4,350,13.5,10,2012-12-30 14:14,71.1,62.3,13,3.0,2012-12-30 01:37,6.5,2012-12-05 03:24,25.8,2012-12-05 00:00,73,54.7,143.6,326.58,...,...,...,6.1
01,1009.1,1019.3,1016.6,2013-01-18 08:48,1001.1,2013-01-13 14:09,16.9,26.5,2013-01-22 13:54,10.4,2013-01-15 05:15,12.2,1.7,10,14.7,10,2013-01-17 14:32,11.2,20.6,8,0.7,2013-01-03 04:45,2.7,2013-01-13 05:13,5.1,2013-01-13 00:00,74,62.4,184.2,401.68,...,...,...,5.1
02,1007.9,1018.0,1013.2,2013-02-23 09:34,1001.1,2013-02-18 14:57,19.4,29.3,2013-02-17 14:05,13.9,2013-02-01 04:15,14.5,1.6,340,13.1,350,2013-02-22 14:13,1.2,2.3,2,0.4,2013-02-03 10:40,0.8,2013-02-03 10:10,1.1,2013-02-03 00:00,74,75.8,174.7,449.19,...,...,...,5.9
03,1005.6,1015.6,1013.3,2013-03-05 08:20,997.7,2013-03-24 03:32,21.0,30.0,2013-03-23 12:22,11.6,2013-03-04 00:58,15.4,1.4,350,11.4,330,2013-03-26 19:16,62.7,26.6,14,7.5,2013-03-18 05:27,16.4,2013-03-18 05:01,18.7,2013-03-28 00:00,72,91.0,175.5,496.47,...,...,...,5.7
04,1002.5,1012.4,1009.4,2013-04-12 09:56,992.7,2013-04-06 00:56,22.2,31.2,2013-04-30 12:27,14.8,2013-04-07 06:04,18.1,1.1,320,11.9,30,2013-04-06 19:57,258.6,125.8,21,8.5,2013-04-05 10:15,17.0,2013-04-05 22:17,98.8,2013-04-05 00:00,79,70.6,69.5,330.73,...,...,...,8.6
05,999.8,1009.6,1005.5,2013-05-04 22:19,995.0,2013-05-20 17:19,26.4,34.1,2013-05-31 11:48,19.1,2013-05-01 10:21,21.6,1.2,210,12.0,180,2013-05-22 14:59,356.4,76.8,18,17.5,2013-05-17 02:26,35.0,2013-05-17 02:23,73.8,2013-05-17 00:00,75,89.3,111.1,474.68,...,...,...,7.6
06,997.4,1007.1,1003.3,2013-06-05 12:23,990.7,2013-06-19 14:07,28.8,34.6,2013-06-21 11:31,24.2,2013-06-04 19:29,23.1,1.4,200,13.8,230,2013-06-24 14:00,72.6,25.6,14,7.5,2013-06-10 09:12,13.5,2013-06-10 08:40,17.8,2013-06-12 00:00,72,115.8,153.4,556.28,...,...,...,6.3
07,998.9,1008.6,1004.1,2013-07-07 17:58,974.6,2013-07-13 05:35,28.1,35.1,2013-07-05 12:21,22.6,2013-07-31 18:15,22.9,1.3,350,25.2,230,2013-07-13 07:48,467.7,70.0,21,14.5,2013-07-13 07:03,54.5,2013-07-13 07:00,280.3,2013-07-13 00:00,74,125.7,193.7,611.90,...,...,...,6.4
08,996.6,1006.2,1004.9,2013-08-03 20:47,977.2,2013-08-21 18:26,28.2,34.7,2013-08-09 13:24,22.2,2013-08-30 01:39,23.5,1.2,240,13.7,330,2013-08-21 16:18,763.0,119.7,14,23.0,2013-08-14 16:01,62.0,2013-08-14 15:48,151.9,2013-08-29 00:00,77,101.3,151.5,507.28,...,...,...,6.6
09,998.4,1008.1,1004.3,2013-09-08 08:03,977.6,2013-09-21 14:28,27.8,34.0,2013-09-20 15:06,20.6,2013-09-02 04:15,22.3,1.2,340,10.3,320,2013-09-15 16:30,44.9,15.2,6,7.5,2013-09-12 17:00,13.0,2013-09-12 16:50,21.3,2013-09-01 00:00,73,118.8,169.0,495.89,...,...,...,5.9
10,1002.3,1012.2,1010.3,2013-10-28 07:55,991.2,2013-10-07 03:01,24.9,33.7,2013-10-07 13:21,16.2,2013-10-27 05:55,17.8,1.8,10,15.0,30,2013-10-05 20:22,2.7,15.9,1,0.3,2013-10-06 02:27,0.7,2013-10-06 02:15,2.7,2013-10-06 00:00,65,131.4,242.3,533.95,...,...,...,3.8
11,1006.7,1016.7,1014.5,2013-11-29 07:26,1000.8,2013-11-01 13:40,22.1,32.2,2013-11-01 13:25,9.9,2013-11-30 06:03,15.6,1.4,350,11.6,10,2013-11-25 10:58,22.6,15.4,6,3.2,2013-11-25 00:12,9.6,2013-11-25 00:07,15.4,2013-11-25 00:00,68,74.1,136.3,360.25,...,...,...,6.1
12,1007.7,1017.8,1013.9,2013-12-22 08:50,999.0,2013-12-17 13:38,17.1,28.4,2013-12-07 13:18,9.1,2013-12-28 06:10,11.3,1.6,10,13.4,350,2013-12-16 21:01,69.4,44.2,15,8.5,2013-12-17 02:30,17.2,2013-12-17 02:04,38.4,2013-12-17 00:00,70,61.7,128.2,321.38,...,...,...,6.6
01,1009.9,1020.2,1016.3,2014-01-18 21:03,1001.9,2014-01-03 15:07,16.4,26.4,2014-01-03 14:25,7.2,2014-01-23 05:26,9.7,1.5,10,13.2,360,2014-01-18 16:19,2.0,3.1,1,0.5,2014-01-03 05:37,0.9,2014-01-03 05:00,2.0,2014-01-03 00:00,66,71.8,236.9,441.67,...,...,...,2.8
02,1006.9,1017.1,1016.3,2014-02-21 08:24,997.6,2014-02-02 14:44,17.0,29.1,2014-02-03 13:13,6.7,2014-02-21 05:56,12.0,1.5,350,11.5,360,2014-02-20 16:51,45.2,38.5,12,3.7,2014-02-08 22:40,5.0,2014-02-09 01:24,14.5,2014-02-09 00:00,74,65.7,137.9,367.90,...,...,...,6.3
03,1007.0,1017.1,1013.6,2014-03-16 09:21,997.9,2014-03-31 16:34,19.8,31.8,2014-03-29 12:21,13.4,2014-03-09 03:54,14.5,1.3,350,10.9,350,2014-03-20 19:40,57.5,32.0,13,6.5,2014-03-13 07:25,11.5,2014-03-12 20:12,15.4,2014-03-12 00:00,72,80.0,108.6,387.20,...,...,...,7.7
04,1003.4,1013.3,1009.5,2014-04-07 08:43,999.2,2014-04-01 14:37,24.1,32.5,2014-04-27 13:13,17.1,2014-04-05 04:42,17.8,1.3,350,11.3,360,2014-04-22 16:08,15.6,14.1,8,1.6,2014-04-30 23:47,3.8,2014-04-30 23:00,7.7,2014-04-30 00:00,69,111.3,143.6,435.17,...,...,...,6.7
05,1000.9,1010.7,1007.4,2014-05-06 09:10,995.5,2014-05-27 16:36,25.8,33.7,2014-05-12 12:00,16.5,2014-05-06 04:08,21.5,1.1,210,12.5,30,2014-05-15 20:42,659.6,127.8,22,19.0,2014-05-15 20:51,86.0,2014-05-15 20:50,220.4,2014-05-15 00:00,78,73.5,75.8,343.88,...,...,...,8.3
06,995.4,1005.1,1001.4,2014-06-30 20:44,988.5,2014-06-10 15:51,28.6,34.9,2014-06-22 13:37,23.0,2014-06-06 04:42,23.4,1.6,200,11.4,200,2014-06-21 13:04,181.0,44.3,15,18.0,2014-06-05 16:32,47.5,2014-06-05 15:50,63.2,2014-06-06 00:00,74,114.0,152.1,482.42,...,...,...,6.5
07,995.9,1005.5,1002.5,2014-07-26 22:48,970.6,2014-07-23 02:04,30.1,36.4,2014-07-17 14:37,23.9,2014-07-23 06:41,24.0,1.6,330,22.2,170,2014-07-23 10:04,149.1,37.9,10,10.0,2014-07-25 19:33,22.0,2014-07-23 03:17,90.3,2014-07-23 00:00,71,142.8,207.0,540.78,...,...,...,5.6
08,998.1,1007.8,1005.0,2014-08-28 00:01,987.7,2014-08-01 15:54,28.9,35.1,2014-08-01 14:26,23.6,2014-08-31 05:53,24.1,1.4,180,11.6,160,2014-08-18 15:58,278.3,45.5,12,13.0,2014-08-08 19:29,55.6,2014-08-03 22:58,57.5,2014-08-30 00:00,76,120.9,172.9,496.54,8,10,2014-08-10 12:00,6.6
09,998.8,1008.5,1005.0,2014-09-27 07:52,985.5,2014-09-21 14:17,29.2,36.5,2014-09-15 13:56,23.7,2014-09-22 04:00,24.0,1.2,340,10.3,250,2014-09-22 01:25,47.0,15.7,8,7.8,2014-09-23 18:35,9.5,2014-09-22 01:08,16.6,2014-09-22 00:00,74,117.7,183.6,458.33,...,...,...,5.0
10,1003.6,1013.4,1009.3,2014-10-16 08:43,993.9,2014-10-10 14:43,25.6,33.7,2014-10-21 13:21,18.8,2014-10-15 06:32,18.2,1.6,340,16.5,20,2014-10-11 11:22,0.0,0.0,0,0.0,2014-10-30 00:00,0.0,2014-10-30 00:00,0.0,2014-10-30 00:00,65,118.9,256.1,488.16,...,...,...,2.9
11,1006.0,1015.9,1010.6,2014-11-09 08:14,1000.4,2014-11-01 14:42,23.1,30.9,2014-11-30 13:11,16.7,2014-11-20 06:11,17.4,1.3,320,12.6,350,2014-11-02 14:02,0.8,7.6,1,0.1,2014-11-15 01:50,0.1,2014-11-15 01:50,0.8,2014-11-15 00:00,72,81.9,172.3,337.38,4,6,2014-11-06 12:00,5.2
12,1010.1,1020.3,1017.0,2014-12-18 08:41,1002.1,2014-12-01 13:10,17.1,26.9,2014-12-24 12:07,8.7,2014-12-18 05:46,11.5,1.6,360,12.9,20,2014-12-16 09:29,30.0,43.6,11,1.5,2014-12-04 02:05,3.4,2014-12-28 03:40,6.9,2014-12-25 00:00,71,56.0,116.1,260.79,...,...,...,6.4
01,1009.9,1020.1,1015.6,2015-01-02 09:04,1002.2,2015-01-06 13:12,17.1,28.7,2015-01-06 13:05,8.2,2015-01-23 06:03,10.8,1.4,350,11.2,10,2015-01-14 11:06,12.3,19.1,6,0.8,2015-01-14 00:01,2.5,2015-01-14 00:01,5.7,2015-01-14 00:00,68,71.3,203.5,364.27,4,6,2015-01-30 13:00,4.8
02,1008.8,1019.0,1016.2,2015-02-01 09:05,1002.2,2015-02-24 15:00,18.1,28.9,2015-02-28 14:43,9.6,2015-02-13 04:55,12.4,1.4,330,14.4,350,2015-02-05 14:31,21.2,9.4,4,3.6,2015-02-24 08:10,7.5,2015-02-16 04:01,12.6,2015-02-16 00:00,71,74.2,160.3,363.12,...,...,...,5.8
03,1007.6,1017.6,1014.9,2015-03-26 09:40,999.9,2015-03-18 14:22,20.7,34.7,2015-03-19 11:57,13.0,2015-03-11 05:11,15.7,1.3,320,11.4,10,2015-03-09 10:20,24.8,32.4,10,1.0,2015-03-26 03:18,2.5,2015-03-23 16:41,7.4,2015-03-26 00:00,74,87.5,143.7,369.84,...,...,...,6.9
04,1004.1,1014.0,1010.1,2015-04-11 21:53,997.5,2015-04-19 14:43,24.4,34.1,2015-04-18 12:59,12.4,2015-04-15 05:37,17.9,1.6,340,10.3,300,2015-04-08 13:38,47.7,28.8,7,6.5,2015-04-11 07:40,12.5,2015-04-11 07:25,25.3,2015-04-11 00:00,68,138.4,204.0,534.86,...,...,...,5.5
05,1000.0,1009.8,1004.8,2015-05-15 09:02,995.0,2015-05-28 15:59,26.9,34.7,2015-05-09 11:30,21.7,2015-05-20 13:44,22.3,1.4,180,9.4,230,2015-05-18 13:34,662.0,118.7,15,15.0,2015-05-28 06:43,49.0,2015-05-12 06:40,115.0,2015-05-20 00:00,77,97.9,120.9,392.55,...,...,...,7.2
06,998.9,1008.5,1002.5,2015-06-03 09:31,994.6,2015-06-17 16:31,29.7,35.5,2015-06-27 12:21,23.2,2015-06-01 02:40,23.7,1.7,190,10.4,230,2015-06-29 11:47,65.5,16.2,6,10.5,2015-06-23 14:50,28.5,2015-06-23 14:09,31.7,2015-06-23 00:00,71,140.4,240.1,569.28,...,...,...,5.2
07,995.6,1005.2,1004.3,2015-07-29 09:22,985.7,2015-07-10 16:56,29.2,35.6,2015-07-21 13:28,23.0,2015-07-29 02:50,23.2,1.6,160,14.7,350,2015-07-10 09:50,71.4,35.5,12,12.0,2015-07-28 16:36,23.5,2015-07-28 16:31,24.9,2015-07-28 00:00,71,132.4,164.3,489.41,7,10,2015-07-21 12:00,6.9
08,995.8,1005.5,1003.9,2015-08-02 07:34,950.0,2015-08-08 05:50,28.0,35.5,2015-08-21 12:28,22.9,2015-08-30 05:43,23.1,1.4,190,30.5,160,2015-08-08 17:51,368.4,131.7,15,14.0,2015-08-26 17:18,30.0,2015-08-16 11:39,65.4,2015-08-26 00:00,76,102.5,132.0,382.30,...,...,...,7.3
09,999.8,1009.5,1006.2,2015-09-30 21:34,966.5,2015-09-28 19:44,27.8,33.8,2015-09-15 12:00,22.9,2015-09-19 05:00,22.1,1.4,340,30.3,350,2015-09-28 18:30,183.9,42.7,6,9.0,2015-09-07 14:54,30.5,2015-09-07 14:34,83.8,2015-09-07 00:00,72,117.9,187.3,456.85,...,...,...,5.2
10,1003.5,1013.3,1011.6,2015-10-31 08:51,993.1,2015-10-19 16:10,26.2,33.5,2015-10-03 13:48,19.9,2015-10-15 04:05,20.6,1.2,340,9.7,350,2015-10-23 14:54,14.0,14.0,7,3.5,2015-10-09 04:02,8.0,2015-10-09 03:44,10.3,2015-10-09 00:00,72,98.8,172.3,403.40,...,...,...,5.5
11,1007.0,1016.9,1014.3,2015-11-28 08:35,1002.1,2015-11-25 14:18,24.3,32.9,2015-11-17 13:33,13.9,2015-11-27 04:14,18.6,1.2,330,12.4,350,2015-11-26 01:07,2.2,2.5,1,1.0,2015-11-21 14:24,1.2,2015-11-21 14:21,2.2,2015-11-21 00:00,71,85.4,198.4,361.21,...,...,...,4.6
12,1009.3,1019.4,1016.5,2015-12-29 08:45,1000.4,2015-12-10 02:32,19.6,29.4,2015-12-24 13:52,11.1,2015-12-17 19:36,14.5,1.5,360,14.0,350,2015-12-10 06:20,52.9,20.5,9,9.0,2015-12-10 02:48,13.5,2015-12-10 04:50,42.0,2015-12-10 00:00,73,61.7,152.4,289.94,...,...,...,5.7
01,1009.6,1019.8,1023.0,2016-01-24 19:41,998.7,2016-01-17 14:27,16.8,27.3,2016-01-05 13:29,4.4,2016-01-25 05:46,13.1,1.5,360,16.6,350,2016-01-24 02:53,204.9,135.3,18,5.0,2016-01-17 10:43,14.0,2016-01-17 10:12,32.6,2016-01-17 00:00,79,49.8,106.2,234.27,...,...,...,7.9
02,1010.8,1021.1,1018.0,2016-02-25 09:45,1001.7,2016-02-13 15:10,16.4,31.4,2016-02-13 13:02,7.5,2016-02-08 02:35,11.1,1.7,350,16.5,360,2016-02-06 11:24,24.2,26.6,11,3.0,2016-02-01 18:43,4.0,2016-02-01 18:43,9.1,2016-02-11 00:00,72,63.1,100.6,296.33,...,...,...,7.2
03,1007.4,1017.5,1015.0,2016-03-27 22:01,999.8,2016-03-08 15:30,18.3,28.9,2016-03-18 12:41,9.4,2016-03-28 05:29,13.7,1.1,350,11.2,360,2016-03-10 15:49,194.6,137.4,16,4.5,2016-03-18 19:15,10.0,2016-03-13 20:36,50.0,2016-03-10 00:00,76,60.8,109.8,284.22,...,...,...,7.3
04,1002.5,1012.3,1009.6,2016-04-19 08:49,994.7,2016-04-13 14:20,24.9,33.2,2016-04-21 13:09,17.3,2016-04-19 06:04,20.5,1.2,330,13.4,320,2016-04-24 05:12,183.4,46.4,10,19.5,2016-04-24 05:10,30.0,2016-04-24 04:33,38.0,2016-04-24 00:00,77,86.1,131.4,372.58,...,...,...,7.3
05,1000.8,1010.5,1005.4,2016-05-14 07:31,995.2,2016-05-24 16:37,27.6,35.6,2016-05-28 12:06,19.8,2016-05-17 05:37,22.6,1.3,180,10.2,240,2016-05-27 16:25,100.3,36.5,8,11.0,2016-05-11 03:21,25.0,2016-05-11 03:14,32.6,2016-05-11 00:00,75,121.2,159.8,493.84,...,...,...,6.5
06,999.4,1009.1,1006.1,2016-06-29 22:05,995.0,2016-06-13 19:06,28.8,35.5,2016-06-27 11:54,23.9,2016-06-13 05:47,24.1,1.4,170,14.0,180,2016-06-12 11:10,230.9,49.9,17,12.5,2016-06-13 06:31,21.0,2016-06-13 05:42,59.3,2016-06-11 00:00,77,109.1,181.9,582.44,...,...,...,6.3
07,997.7,1007.3,1003.6,2016-07-21 08:27,977.0,2016-07-08 13:20,29.4,36.2,2016-07-29 12:05,23.5,2016-07-02 18:58,24.0,1.5,190,12.6,240,2016-07-12 16:49,166.7,25.3,14,24.0,2016-07-19 17:02,62.0,2016-07-19 16:41,72.7,2016-07-19 00:00,73,124.5,222.1,673.67,...,...,...,5.3
08,994.5,1004.1,1001.4,2016-08-04 22:16,989.6,2016-08-09 15:52,28.9,35.0,2016-08-08 13:04,23.9,2016-08-20 05:09,24.3,1.1,350,10.8,340,2016-08-27 13:59,184.6,43.7,15,8.5,2016-08-11 17:28,19.5,2016-08-18 17:05,55.0,2016-08-12 00:00,77,113.9,152.4,526.06,...,...,...,6.7
09,996.5,1006.2,1004.8,2016-09-21 08:10,949.7,2016-09-27 14:55,27.9,35.9,2016-09-14 16:03,23.5,2016-09-20 06:04,23.3,1.5,360,34.2,320,2016-09-27 13:30,126.2,81.8,18,8.0,2016-09-09 13:07,9.0,2016-09-28 00:07,40.0,2016-09-27 00:00,77,80.7,139.6,462.24,...,...,...,7.0
10,1000.9,1010.6,1009.8,2016-10-31 07:43,990.9,2016-10-20 14:02,27.5,33.4,2016-10-20 15:05,22.5,2016-10-31 04:10,22.8,1.2,350,10.1,240,2016-10-22 14:38,23.9,24.3,7,4.0,2016-10-08 18:27,6.1,2016-10-08 17:48,9.0,2016-10-08 00:00,77,88.0,169.3,477.22,...,...,...,5.5
11,1006.0,1016.0,1011.8,2016-11-29 09:39,1001.0,2016-11-05 14:52,23.4,32.5,2016-11-19 12:10,16.8,2016-11-29 06:08,18.5,1.4,20,11.0,10,2016-11-26 16:33,74.2,49.6,9,5.0,2016-11-23 10:11,11.0,2016-11-23 10:07,46.5,2016-11-23 00:00,75,61.7,148.2,369.56,...,...,...,5.7
12,1007.9,1018.0,1014.1,2016-12-17 08:49,1000.8,2016-12-09 14:46,20.4,30.8,2016-12-21 13:23,13.3,2016-12-28 08:08,15.3,1.4,350,13.2,340,2016-12-27 12:07,8.4,14.1,1,0.6,2016-12-28 10:40,2.0,2016-12-28 12:25,8.4,2016-12-28 00:00,74,71.7,186.9,386.66,...,...,...,5.1
01,1008.9,1019.1,1016.2,2017-01-22 09:01,1000.0,2017-01-08 14:52,18.9,29.0,2017-01-28 13:33,11.6,2017-01-28 06:25,14.2,1.3,360,10.0,360,2017-01-20 15:53,4.0,12.9,2,1.0,2017-01-16 00:39,2.0,2017-01-14 07:33,3.0,2017-01-14 00:00,75,68.8,196.9,426.10,...,...,...,5.3
02,1009.4,1019.6,1019.1,2017-02-14 08:12,1000.7,2017-02-05 17:53,18.0,29.8,2017-02-20 13:08,9.9,2017-02-10 04:35,12.3,1.5,360,13.2,10,2017-02-09 15:02,20.8,16.9,5,4.0,2017-02-26 05:32,5.5,2017-02-26 04:52,8.0,2017-02-22 00:00,71,65.0,135.4,380.86,...,...,...,6.2
03,1006.1,1016.2,1014.3,2017-03-27 09:34,998.7,2017-03-13 15:17,20.2,30.2,2017-03-24 13:33,12.9,2017-03-03 05:08,14.9,1.3,350,14.0,350,2017-03-31 18:26,38.0,40.0,9,3.0,2017-03-06 04:28,4.0,2017-03-31 18:33,11.0,2017-03-26 00:00,73,82.1,146.8,471.56,...,...,...,7.3
04,1003.3,1013.2,1012.7,2017-04-03 08:08,995.4,2017-04-10 16:05,23.2,33.7,2017-04-10 14:02,11.9,2017-04-02 05:54,17.8,1.3,360,11.3,360,2017-04-01 11:18,98.8,58.7,10,8.5,2017-04-11 22:32,23.5,2017-04-11 22:14,27.5,2017-04-11 00:00,73,109.1,149.6,507.16,...,...,...,6.7
05,1000.5,1010.3,1006.9,2017-05-06 08:21,994.5,2017-05-31 16:18,26.7,34.9,2017-05-14 14:05,18.9,2017-05-01 05:21,21.7,1.2,340,8.9,20,2017-05-16 19:43,111.5,54.9,8,5.0,2017-05-30 21:42,20.0,2017-05-30 21:39,38.5,2017-05-30 00:00,75,109.8,133.1,549.03,...,...,...,7.1
06,998.7,1008.4,1002.6,2017-06-28 22:22,992.8,2017-06-03 17:46,27.9,35.9,2017-06-13 14:00,22.5,2017-06-19 04:31,24.1,1.4,200,20.6,210,2017-06-13 15:24,894.0,122.4,15,17.5,2017-06-12 17:10,56.0,2017-06-30 17:18,171.5,2017-06-03 00:00,81,85.2,144.4,493.20,...,...,...,7.4
07,998.5,1008.2,1005.0,2017-07-07 22:22,979.8,2017-07-29 21:05,28.7,35.1,2017-07-18 12:14,23.4,2017-07-08 00:31,24.2,1.2,170,20.8,160,2017-07-31 03:32,313.7,62.7,15,14.0,2017-07-31 00:39,34.5,2017-07-31 00:31,114.5,2017-07-31 00:00,78,108.2,189.9,587.10,...,...,...,6.3
08,997.6,1007.3,1004.7,2017-08-27 23:32,984.9,2017-08-22 03:04,29.4,35.6,2017-08-21 15:01,23.7,2017-08-28 05:14,24.8,1.4,210,10.9,250,2017-08-08 14:53,69.0,24.2,9,11.5,2017-08-03 18:27,18.0,2017-08-03 18:10,21.5,2017-08-03 00:00,77,118.7,188.0,593.02,...,...,...,5.7
09,999.7,1009.4,1005.2,2017-09-29 23:44,992.0,2017-09-01 13:30,29.3,35.5,2017-09-27 14:11,24.5,2017-09-11 05:27,23.8,1.1,350,11.1,10,2017-09-13 15:27,21.4,11.7,2,3.0,2017-09-02 15:44,8.0,2017-09-02 15:43,17.4,2017-09-02 00:00,74,116.7,195.3,539.14,...,...,...,5.4
10,1001.4,1011.2,1010.8,2017-10-30 08:26,989.8,2017-10-14 03:45,26.5,38.3,2017-10-08 14:03,17.6,2017-10-31 00:50,20.8,1.7,20,13.8,10,2017-10-21 11:45,53.5,37.0,5,1.5,2017-10-15 03:20,6.0,2017-10-15 02:42,25.5,2017-10-15 00:00,72,111.7,202.1,504.03,...,...,...,4.7
11,1005.2,1015.2,1012.1,2017-11-24 09:22,998.6,2017-11-17 14:53,23.3,31.3,2017-11-28 11:45,17.4,2017-11-23 05:17,19.4,1.5,350,14.1,30,2017-11-03 12:41,19.5,25.8,5,2.5,2017-11-12 04:59,9.0,2017-11-12 04:58,16.0,2017-11-12 00:00,79,79.3,143.8,388.51,...,...,...,6.7
12,1008.4,1018.6,1015.8,2017-12-20 09:12,1002.5,2017-12-03 15:23,18.5,27.1,2017-12-30 12:43,11.7,2017-12-22 06:40,14.0,1.7,360,14.4,10,2017-12-16 16:03,8.0,35.6,4,1.0,2017-12-07 06:00,1.5,2017-12-07 05:55,3.5,2017-12-07 00:00,76,69.8,156.7,354.94,4,6,2017-12-01 13:00,5.7
01,1007.3,1017.4,1017.1,2018-01-13 09:28,999.6,2018-01-22 13:28,17.3,27.2,2018-01-18 13:35,6.1,2018-01-13 06:27,13.7,1.4,360,12.8,10,2018-01-11 19:37,103.5,104.6,13,3.0,2018-01-08 11:37,7.5,2018-01-08 11:17,28.5,2018-01-08 00:00,81,54.8,127.4,340.76,...,...,...,6.5
02,1008.5,1018.7,1016.0,2018-02-12 09:16,1001.8,2018-02-21 15:23,16.5,30.5,2018-02-19 15:17,7.9,2018-02-05 07:59,12.7,1.5,350,12.1,20,2018-02-02 12:25,25.5,59.2,8,3.0,2018-02-22 14:17,5.5,2018-02-22 17:20,14.0,2018-02-22 00:00,79,64.8,117.3,351.17,5,8,2018-02-16 13:00,7.1
03,1005.7,1015.7,1012.8,2018-03-11 08:15,998.7,2018-03-19 15:04,20.8,31.9,2018-03-05 13:43,10.9,2018-03-10 05:53,15.3,1.2,350,11.1,360,2018-03-07 15:53,35.5,30.5,3,3.0,2018-03-20 08:54,6.5,2018-03-15 18:41,20.5,2018-03-15 00:00,73,101.3,213.0,566.57,...,...,...,4.4
04,1003.8,1013.7,1012.3,2018-04-07 21:23,997.1,2018-04-23 15:35,24.3,33.4,2018-04-23 11:52,14.7,2018-04-08 05:43,18.5,1.1,360,11.9,190,2018-04-23 16:52,30.5,15.8,4,6.0,2018-04-12 10:54,7.5,2018-04-12 10:39,14.0,2018-04-17 00:00,71,111.9,155.7,529.97,...,...,...,6.4
05,1001.0,1010.7,1007.7,2018-05-05 07:57,996.4,2018-05-25 16:18,28.3,36.3,2018-05-28 13:14,20.3,2018-05-10 05:10,23.1,1.5,240,9.8,340,2018-05-03 14:35,73.0,12.2,3,8.0,2018-05-08 04:19,18.5,2018-05-08 03:34,38.0,2018-05-09 00:00,74,151.8,218.8,658.34,...,...,...,5.4
06,996.0,1005.6,1002.6,2018-06-26 08:36,984.8,2018-06-14 16:24,28.7,35.8,2018-06-06 11:29,24.0,2018-06-20 00:51,23.7,1.3,350,13.4,40,2018-06-15 14:16,234.0,48.6,10,11.5,2018-06-11 07:28,38.0,2018-06-11 07:08,67.0,2018-06-20 00:00,76,122.5,158.9,560.51,...,...,...,6.9
07,995.0,1004.6,999.6,2018-07-27 21:51,987.4,2018-07-11 04:17,28.6,35.4,2018-07-17 11:16,23.7,2018-07-01 04:25,25.0,1.1,170,11.5,30,2018-07-10 23:55,347.0,65.7,15,13.0,2018-07-23 11:45,27.0,2018-07-29 00:27,67.5,2018-07-02 00:00,82,105.0,146.1,519.02,...,...,...,6.8
08,993.3,1003.0,1003.5,2018-08-31 10:11,983.9,2018-08-23 13:56,27.9,35.1,2018-08-01 14:21,23.6,2018-08-31 05:57,24.7,1.1,190,11.0,150,2018-08-24 04:17,408.5,109.7,20,13.5,2018-08-23 15:21,49.0,2018-08-13 16:10,70.5,2018-08-24 00:00,83,92.6,112.0,465.65,...,...,...,7.6
09,998.4,1008.1,1005.9,2018-09-18 00:14,988.0,2018-09-15 15:14,28.3,35.2,2018-09-17 13:31,22.4,2018-09-30 03:45,23.1,1.6,340,16.5,350,2018-09-28 23:48,20.0,8.6,7,4.0,2018-09-07 20:45,8.5,2018-09-07 20:20,9.0,2018-09-07 00:00,74,129.1,203.3,581.59,...,...,...,5.3
10,1003.9,1013.8,1010.3,2018-10-20 09:21,997.8,2018-10-05 03:04,24.9,32.6,2018-10-01 13:59,15.6,2018-10-29 06:19,18.3,1.5,350,15.9,10,2018-10-04 14:14,7.5,10.1,2,1.5,2018-10-13 03:57,3.5,2018-10-13 03:39,5.0,2018-10-13 00:00,68,134.2,221.8,564.52,...,...,...,4.0
11,1006.5,1016.4,1011.9,2018-11-29 09:25,1000.2,2018-11-02 03:53,23.4,31.7,2018-11-08 13:50,16.4,2018-11-24 06:09,18.5,1.1,340,10.8,350,2018-11-01 10:13,10.0,25.9,4,1.5,2018-11-28 02:48,3.0,2018-11-28 08:00,6.0,2018-11-28 00:00,75,80.2,158.2,393.85,...,...,...,5.4
12,1008.3,1018.3,1015.6,2018-12-31 09:12,1000.5,2018-12-26 14:04,20.8,31.7,2018-12-06 13:16,13.5,2018-12-18 06:28,15.3,1.6,350,12.0,350,2018-12-29 16:27,2.0,7.9,1,1.0,2018-12-23 18:20,1.5,2018-12-23 17:46,2.0,2018-12-23 00:00,72,89.8,191.3,420.76,...,...,...,5.0
01,1010.1,1020.2,1015.4,2019-01-01 09:03,1004.9,2019-01-14 14:40,19.3,31.0,2019-01-31 14:00,11.1,2019-01-23 03:10,14.6,1.4,350,10.9,360,2019-01-21 02:51,13.0,30.5,4,1.5,2019-01-16 06:47,2.5,2019-01-16 06:43,8.5,2019-01-16 00:00,75,74.3,172.9,427.50,...,...,...,5.4
02,1008.2,1018.3,1014.6,2019-02-12 08:16,1002.3,2019-02-07 15:12,20.5,31.7,2019-02-03 12:21,14.3,2019-02-02 06:27,15.8,1.3,340,11.1,320,2019-02-19 01:10,11.0,12.8,1,1.5,2019-02-24 13:43,6.0,2019-02-24 13:40,11.0,2019-02-24 00:00,75,90.7,173.4,447.87,...,...,...,5.2
03,1005.3,1015.3,1011.4,2019-03-15 08:47,998.8,2019-03-29 15:38,21.1,32.3,2019-03-21 15:03,12.3,2019-03-08 02:59,17.0,1.2,350,13.3,180,2019-03-29 23:18,179.5,106.4,13,5.5,2019-03-03 11:23,17.5,2019-03-03 11:23,57.0,2019-03-09 00:00,79,82.8,141.6,426.32,...,...,...,6.6
04,1002.4,1012.3,1011.1,2019-04-01 10:20,995.9,2019-04-30 15:36,24.7,33.3,2019-04-26 12:07,16.7,2019-04-01 09:29,20.6,1.3,190,11.8,230,2019-04-21 02:17,115.5,44.8,10,16.5,2019-04-21 02:17,27.0,2019-04-21 02:12,33.0,2019-04-21 00:00,79,106.2,169.3,521.61,...,...,...,6.1
05,999.8,1009.6,1004.8,2019-05-03 09:42,994.8,2019-05-18 16:09,25.4,33.7,2019-05-15 14:00,18.9,2019-05-03 03:31,22.0,1.1,350,14.2,10,2019-05-20 12:10,524.0,109.2,18,21.0,2019-05-20 09:54,86.5,2019-05-20 11:54,175.5,2019-05-20 00:00,82,82.8,87.2,417.43,6,10,2019-05-11 12:00,8.0
06,997.1,1006.8,1002.9,2019-06-05 22:09,990.5,2019-06-14 15:11,28.2,35.6,2019-06-28 12:38,22.5,2019-06-24 04:50,23.9,1.4,170,12.3,320,2019-06-24 04:27,480.0,74.4,15,18.5,2019-06-24 04:18,40.0,2019-06-30 15:15,90.0,2019-06-12 00:00,79,89.2,123.2,501.78,...,...,...,7.4
07,996.2,1005.8,1001.9,2019-07-11 22:43,983.8,2019-07-17 17:10,29.4,36.6,2019-07-17 12:24,23.1,2019-07-27 20:04,25.1,1.5,180,15.4,160,2019-07-10 13:04,177.5,21.7,13,21.5,2019-07-27 18:22,77.0,2019-07-27 18:16,106.0,2019-07-27 00:00,79,115.7,165.2,596.12,...,...,...,6.7
08,993.5,1003.2,1002.2,2019-08-26 21:19,978.6,2019-08-24 15:49,28.4,36.0,2019-08-28 13:05,23.8,2019-08-03 05:26,25.5,1.2,190,12.9,340,2019-08-08 15:10,768.0,95.3,24,19.0,2019-08-18 18:52,60.0,2019-08-18 18:30,145.0,2019-08-16 00:00,86,68.3,93.0,407.83,...,...,...,7.9
09,998.4,1008.2,1007.8,2019-09-24 09:15,988.1,2019-09-30 14:40,27.7,35.6,2019-09-02 12:23,21.8,2019-09-24 05:49,23.4,1.4,360,17.6,20,2019-09-20 23:03,133.5,15.1,7,22.5,2019-09-01 15:40,50.0,2019-09-01 15:32,56.0,2019-09-01 00:00,78,98.2,150.5,517.13,...,...,...,5.7
10,1003.9,1013.7,1008.7,2019-10-15 09:34,992.5,2019-10-01 00:01,26.1,33.6,2019-10-02 13:31,20.4,2019-10-22 03:24,20.2,1.4,360,10.9,340,2019-10-19 15:24,11.5,2.8,1,4.5,2019-10-01 03:29,6.5,2019-10-01 03:23,11.5,2019-10-01 00:00,71,117.2,214.2,516.93,...,...,...,3.8
11,1005.2,1015.1,1011.6,2019-11-29 09:02,997.8,2019-11-06 13:41,23.0,31.1,2019-11-24 13:10,16.5,2019-11-30 06:03,16.7,1.6,10,11.1,350,2019-11-28 11:34,0.0,0.0,0,0.0,2019-11-30 00:00,0.0,2019-11-30 00:00,0.0,2019-11-30 00:00,69,101.1,239.3,441.98,...,...,...,3.3
12,1008.7,1018.8,1015.3,2019-12-31 09:22,1002.6,2019-12-26 15:00,19.3,29.5,2019-12-01 11:56,12.0,2019-12-09 05:57,14.5,1.5,350,14.3,30,2019-12-02 14:31,94.5,68.6,5,2.5,2019-12-30 20:56,7.0,2019-12-29 11:41,39.0,2019-12-29 00:00,75,79.5,204.5,371.89,...,...,...,4.6
01,1008.7,1018.9,1017.7,2020-01-01 09:33,999.6,2020-01-26 13:39,18.0,29.0,2020-01-23 12:58,6.9,2020-01-31 06:36,13.5,1.3,340,12.5,30,2020-01-28 20:11,20.0,12.6,1,3.0,2020-01-26 07:41,6.0,2020-01-26 08:33,20.0,2020-01-26 00:00,76,89.0,225.1,418.05,...,...,...,3.8
02,1010.5,1020.6,1017.8,2020-02-21 09:02,1001.7,2020-02-15 14:34,19.0,30.2,2020-02-26 12:12,8.4,2020-02-01 06:31,13.5,1.3,350,11.7,350,2020-02-08 14:05,4.5,12.8,2,2.0,2020-02-15 18:01,2.5,2020-02-15 17:40,2.5,2020-02-15 00:00,72,82.0,212.5,446.52,...,...,...,4.0
03,1005.3,1015.3,1011.6,2020-03-16 08:59,995.5,2020-03-09 14:36,22.3,33.2,2020-03-26 13:47,14.5,2020-03-15 05:29,16.5,1.3,330,11.4,320,2020-03-04 21:38,55.0,26.5,6,3.5,2020-03-28 07:10,10.5,2020-03-10 05:28,23.5,2020-03-10 00:00,70,105.6,178.0,480.35,...,...,...,6.4
04,1005.7,1015.7,1010.9,2020-04-02 09:51,1000.6,2020-04-19 16:45,22.2,32.8,2020-04-19 12:57,12.8,2020-04-13 06:04,16.1,1.3,350,13.2,340,2020-04-13 14:05,59.5,52.5,9,5.5,2020-04-02 05:58,11.5,2020-04-02 05:56,20.0,2020-04-02 00:00,70,100.7,154.5,493.50,...,...,...,6.4
05,999.4,1009.2,1005.0,2020-05-01 08:49,992.7,2020-05-17 15:52,27.5,36.9,2020-05-10 12:16,21.8,2020-05-20 05:02,22.4,1.3,220,10.8,190,2020-05-16 16:09,306.5,72.1,11,14.0,2020-05-16 16:38,29.0,2020-05-27 09:46,61.0,2020-05-22 00:00,75,121.2,167.2,522.51,...,...,...,6.7
06,999.1,1008.8,1004.7,2020-06-15 00:04,994.8,2020-06-12 16:17,29.1,35.1,2020-06-29 14:10,22.0,2020-06-10 03:22,22.9,1.7,200,15.5,260,2020-06-09 16:58,183.5,23.5,5,26.0,2020-06-14 14:30,91.0,2020-06-14 14:25,99.0,2020-06-14 00:00,70,121.8,211.9,609.28,...,...,...,5.4
07,998.7,1008.3,1003.0,2020-07-21 09:11,993.8,2020-07-14 15:43,29.6,36.3,2020-07-31 13:00,24.0,2020-07-21 04:14,24.3,1.5,190,15.3,250,2020-07-10 12:46,93.5,19.8,12,11.0,2020-07-03 16:36,18.0,2020-07-03 16:30,28.0,2020-07-02 00:00,74,137.2,215.1,614.72,...,...,...,5.9
08,997.5,1007.2,1006.0,2020-08-12 21:54,991.6,2020-08-25 15:04,28.5,35.2,2020-08-25 14:05,23.2,2020-08-16 04:09,23.5,1.2,190,17.5,170,2020-08-27 12:07,278.5,42.1,16,14.0,2020-08-12 16:06,50.5,2020-08-03 11:04,70.0,2020-08-03 00:00,75,112.6,174.5,526.22,...,...,...,6.3
09,999.5,1009.2,1005.1,2020-09-19 08:55,991.9,2020-09-01 03:36,28.1,35.1,2020-09-07 13:35,21.7,2020-09-07 05:29,22.3,1.3,350,11.1,20,2020-09-21 14:09,74.0,8.1,4,14.0,2020-09-13 13:21,54.0,2020-09-13 12:54,54.5,2020-09-13 00:00,71,111.5,198.6,512.50,...,...,...,5.5
10,1002.0,1011.8,1008.0,2020-10-29 08:40,995.5,2020-10-21 14:44,26.1,34.8,2020-10-04 13:28,19.7,2020-10-23 07:53,20.0,1.7,10,15.4,10,2020-10-22 14:43,T,3.6,0,T,2020-10-23 07:40,0.0,...,0.0,2020-10-01 00:00,69,132.4,220.1,506.06,...,...,...,5.0
11,1005.9,1015.8,1011.0,2020-11-28 09:21,998.4,2020-11-06 15:30,23.9,33.7,2020-11-21 13:38,18.1,2020-11-11 06:08,18.5,1.4,350,10.6,360,2020-11-03 13:51,3.5,16.5,2,0.5,2020-11-07 18:01,1.0,2020-11-13 16:00,3.0,2020-11-13 00:00,72,91.3,182.9,376.24,...,...,...,4.9
12,1007.3,1017.4,1015.8,2020-12-31 09:37,1000.7,2020-12-28 15:16,19.5,28.5,2020-12-28 14:25,9.1,2020-12-31 08:08,15.2,1.8,10,15.6,10,2020-12-30 11:01,41.5,36.0,6,5.0,2020-12-09 10:47,11.0,2020-12-09 10:16,28.5,2020-12-09 00:00,77,81.4,156.2,338.25,...,...,...,6.6
